ID-Position	Sequence IUPAC+	SimilarBlocks	Function	Gen1	Gen2	Gen3	Gen4	Gen5	Gen6
0:0:20	MYRATTMgSccYSSBGGSKMg	.	4	1	1	1	1	0	1
0:21:38	cWWyTTNAGRKDGASWRT	.	9	0	0	1	0	1	0
0:39:59	GWGgGRKMmTATSKATTHASN	['2:2418:2431', '2:4776:4790', '0:3326:3347', '0:39:59']	7	1	0	1	1	0	1
0:60:72	TSAhSRKTASAGA	.	9	0	1	1	1	0	1
0:73:87	RkWGYcTWCKCkMYC	.	4	1	1	0	0	1	1
0:88:104	KGKThKCMYNSSYGTRA	['0:88:104', '2:2123:2134', '0:3377:3390', '0:3583:3598']	0	1	0	0	0	0	1
0:105:123	KGAYAWAHKtGTWGSCWGT	.	8	0	0	1	1	1	1
0:124:136	dAGRAYKATTwRK	.	3	0	0	0	0	0	0
0:137:147	YRMGArAYMGT	['0:4555:4574', '2:1047:1059', '0:137:147']	2	1	1	1	1	1	0
0:148:164	HYCVmGACgYGKCRMTM	['1:1329:1340', '0:2806:2827', '0:4253:4270', '2:640:653', '0:148:164']	7	0	0	0	1	0	1
0:165:183	BMCTSWWCWMWTCGtGRKK	['2:3657:3670', '0:165:183', '2:2553:2567']	0	1	0	1	0	0	0
0:184:194	STRGKACAAMG	['0:184:194', '2:542:556', '2:1395:1411', '1:2766:2783']	1	1	1	0	0	1	1
0:195:211	AmVCCCSGTGBVyWCCY	['1:147:161', '0:597:618', '0:195:211', '1:48:58', '2:2270:2290']	6	0	0	1	0	1	0
0:212:230	WWYSWSaRCCTATAmRMRA	['2:4806:4827', '1:2517:2528', '2:5562:5576', '0:212:230', '0:4344:4361']	1	0	1	0	1	0	1
0:231:248	cGCRTRAGAACGRATGRd	.	9	0	0	1	1	1	1
0:249:261	DRGDSCYcAsAAC	.	8	1	1	0	0	1	1
0:262:281	YAGYMSWGKCGWYTGGTTKA	.	8	1	0	1	0	0	1
0:282:303	SAVHNRBAGBrGSMGAGCKTGa	.	8	1	0	0	0	1	1
0:304:320	MTTGRGMTRWTAAABWK	.	0	1	0	0	1	0	0
0:321:333	KrCNGRYTCGTDG	['0:2946:2964', '0:321:333', '1:5361:5371']	6	1	1	0	1	1	0
0:334:344	AKWcHTgCGGG	.	6	0	0	0	1	1	1
0:345:355	STCWCAKTRMG	['0:345:355', '1:2575:2594', '0:4611:4625', '2:5254:5265']	6	1	0	1	0	0	1
0:356:371	TATGCTARTCWRWKHG	['1:3663:3680', '1:5300:5313', '0:356:371', '1:4255:4269']	9	1	1	1	0	1	0
0:372:387	aVYYcbTNwWTRgCTA	['0:372:387', '2:681:697', '2:5015:5026', '2:4309:4330']	5	0	0	1	1	1	0
0:388:401	KGSWRCGWGSAGGG	.	6	1	0	1	1	1	1
0:402:423	KGYGATTCtWCCMAGATRRGYW	['2:3026:3036', '0:4284:4302', '0:402:423', '1:3307:3320', '1:1902:1922']	8	1	1	1	1	0	0
0:424:435	WCCMACTCwKVT	['0:424:435', '0:748:765', '2:3073:3089', '2:4434:4445']	4	0	0	1	0	1	1
0:436:454	WCCHGSRGCCAMGtTARTG	.	3	0	0	1	1	1	1
0:455:474	CRMAGSSaaRkCCMBGWTCT	.	9	1	1	0	0	0	1
0:475:495	YSBCSATYCTGCTgGCRGMWW	.	6	0	1	0	1	0	1
0:496:515	YKSCRCASGBBwMGDTCWBG	.	8	1	0	0	1	0	1
0:516:537	YYCwCMgTMMRGSASVKNtYAA	.	3	0	1	1	1	1	1
0:538:553	AGATSCWYRWGGDKGD	.	3	1	1	1	0	1	0
0:554:568	GTKRGMCDDGGGGCA	['0:554:568', '2:3940:3950', '1:2328:2344', '2:1955:1974', '2:654:669']	5	1	1	1	1	0	0
0:569:583	hTYSgaCDTACHCTV	['2:3724:3740', '1:1167:1178', '0:569:583', '1:4760:4777', '1:2926:2945']	0	1	1	1	1	0	0
0:584:596	CCKgRAyYHADKA	.	7	1	1	0	1	1	1
0:597:618	CTWGRRATTMGVAYRBGtRGSC	['1:147:161', '0:597:618', '0:195:211', '1:48:58', '2:2270:2290']	2	0	0	0	0	0	1
0:619:629	GMASAYAKCAT	['0:619:629', '2:2291:2308', '0:2322:2332']	4	0	1	1	0	0	0
0:630:647	GHDGADKDMAARRRGTCY	.	0	1	1	0	0	0	0
0:648:659	CCRKgTWMGYGC	['1:3946:3957', '2:3203:3216', '0:648:659', '1:5268:5286']	8	1	1	1	1	1	0
0:660:679	RDGCYGWMGMkRNWTAAASR	['0:4767:4787', '0:660:679', '2:698:719', '2:5402:5423', '1:2445:2465']	9	1	1	1	1	0	1
0:680:698	AWGKGCBGACRGTABNaAS	.	5	1	1	1	1	1	0
0:699:718	MSVCKKGRWchTBCSTWKGA	.	5	1	1	0	1	1	1
0:719:736	CYRTCTgtWCaRATCCYY	.	2	1	0	1	1	1	1
0:737:747	CtYRTARYAgT	.	6	1	0	1	0	1	0
0:748:765	WTAGGAMBAMAKAGYCST	['0:424:435', '0:748:765', '2:3073:3089', '2:4434:4445']	8	1	0	0	1	1	1
0:766:780	TSKKWVRNTWRCTKY	.	0	0	0	1	0	0	0
0:781:802	MAtNAYMAKHKkMAgYRNAGMT	.	5	0	0	0	1	0	0
0:803:817	CGKYAWtAGATAWYV	.	3	0	1	0	1	0	0
0:818:833	YGCCCRASYAGWDWMT	['0:818:833', '2:2464:2480', '2:4545:4564', '1:3409:3423']	0	1	0	0	0	1	0
0:834:845	cCcAMWayACAC	.	9	1	1	1	1	1	0
0:846:865	aGRDCgKMAYWAVGARtNGA	['0:846:865', '1:4605:4619', '0:2594:2604', '1:747:761', '2:3951:3964']	9	0	1	0	1	0	0
0:866:882	CTTGDAMGYMaRSAGCT	['0:2767:2785', '2:1804:1818', '0:866:882', '1:3443:3464']	6	1	1	1	1	0	1
0:883:895	WvAChADVGTAYS	.	4	0	1	0	0	1	0
0:896:913	SSTRYGnGGcAYWKKASK	['2:459:470', '0:1927:1939', '0:4575:4589', '0:896:913']	7	0	0	1	0	0	0
0:914:927	RGAGWDCTATTMCT	.	2	0	1	1	1	0	0
0:928:942	NSSVGCNCtHWRCKA	['2:557:574', '0:928:942', '1:3260:3273']	9	0	1	1	1	1	1
0:943:961	HDTBYYTGMWKATCGRGSW	.	0	0	1	0	1	1	0
0:962:977	TTAACYtGHATTWKBK	['0:962:977', '2:1975:1996', '2:0:13', '1:4270:4281', '1:2414:2431']	9	0	1	0	1	1	0
0:978:993	CCYSWCCATGCAGAMM	.	6	0	0	1	0	1	0
0:994:1006	STbCGGAKSDHAK	['2:2356:2375', '0:1194:1212', '2:720:739', '0:994:1006']	9	0	1	1	0	1	0
0:1007:1028	VMTTKKrYGSKCGGGCGNASVM	.	8	0	0	0	0	0	1
0:1029:1040	TTAKWWwTsSGA	.	1	1	0	0	1	1	1
0:1041:1052	GVTTcWACYKDM	['1:2042:2053', '2:3911:3925', '0:1041:1052']	1	0	0	0	0	0	0
0:1053:1063	MvGTHMGkVVC	.	0	1	0	1	1	1	1
0:1064:1078	SWYBTCGSCCSCAYG	.	6	0	1	0	1	0	1
0:1079:1092	GRDGWCRHAMMMRM	.	0	0	0	1	1	1	1
0:1093:1111	WNMSATKCKCTAWKYACSA	['0:1093:1111', '1:2238:2250', '1:1621:1642', '1:2909:2925', '1:2753:2765']	7	0	1	0	1	0	0
0:1112:1127	CKYTTSAYCAAAGYRY	.	1	0	0	1	0	1	1
0:1128:1142	TCTNCTMCmSTRCYW	.	5	1	1	0	1	0	1
0:1143:1157	aABAgkRRHTaNWAS	['0:1143:1157', '1:351:366', '1:2251:2262', '2:4384:4394']	1	1	0	1	0	1	1
0:1158:1178	SMkGcMTCRTTWAVCacVKWR	.	7	0	0	0	1	0	1
0:1179:1193	BKRAAYtGSCcGBMC	.	7	0	0	0	1	0	0
0:1194:1212	NCGTBCTSWRTCWBKKYtS	['2:2356:2375', '0:1194:1212', '2:720:739', '0:994:1006']	9	0	1	1	1	0	1
0:1213:1234	TSAMSYMSkmcRyKGCGGCYYa	.	6	0	1	1	1	0	1
0:1235:1255	TtYTCCAWSTGGSTCTACYAr	.	0	0	0	1	1	0	0
0:1256:1271	MrABTYGTMgACKMHV	['1:3369:3387', '0:1256:1271', '2:2086:2101']	5	0	1	1	0	1	0
0:1272:1283	ABAkACWRCTGT	.	7	1	0	1	0	0	0
0:1284:1302	MWCTWdTHRYMTsYGSgYY	.	0	1	1	0	1	1	1
0:1303:1318	amCCNYWNSCMwYMWR	['0:5206:5227', '0:1303:1318', '0:1973:1992', '0:1688:1700', '1:847:868']	3	0	0	1	0	1	0
0:1319:1335	SDMRcWVYNHACTWMRA	['1:2630:2650', '0:1319:1335', '1:2356:2377', '0:3307:3325']	2	0	1	1	1	1	0
0:1336:1354	SAMAGGGGwBRWGYGAKCA	.	1	0	0	0	1	0	0
0:1355:1369	gSKCSctKAWMTAYW	['0:1355:1369', '1:3288:3306', '2:4685:4704']	4	0	0	1	1	1	0
0:1370:1391	YCKgTCTCKWaYTGVRAYGVTB	['0:1370:1391', '1:1287:1297', '1:2174:2188', '1:4991:5008']	2	0	1	0	1	0	0
0:1392:1403	WRGmTGcGTCTC	.	4	1	0	1	0	1	1
0:1404:1423	CaNWtKKSRRRGMMCHMAWT	.	2	1	1	1	0	0	1
0:1424:1439	RAATwTSTCGVWaYGR	['0:1424:1439', '1:5372:5382', '2:4666:4684', '2:801:811', '1:4085:4098']	3	1	0	1	1	1	1
0:1440:1452	AAHYYTCCCKTcR	['0:5123:5134', '1:2695:2713', '1:2784:2805', '0:1440:1452', '0:2555:2572']	0	0	0	0	1	1	0
0:1453:1472	ATTWtMGTRGMGGTCMSASW	.	3	1	0	0	0	0	0
0:1473:1490	CANHArRYAvATCtkKYA	.	3	1	0	1	0	1	0
0:1491:1503	AVWRCRtKAAAAt	.	2	0	1	1	0	0	0
0:1504:1525	TYGACKWRSDTANRAStGACYA	.	2	1	0	1	0	1	0
0:1526:1545	STRWCARswVATAAASSCAY	.	9	1	0	0	0	1	1
0:1546:1558	YTYTmAGTCSSAY	.	4	0	1	0	0	1	1
0:1559:1580	GRWTGCwGANadAMAMcASKBv	.	8	0	0	1	1	0	0
0:1581:1597	TSKTAATChCHTDCHGR	.	4	0	1	1	0	0	0
0:1598:1611	tMACDCTGATAKkC	.	0	1	0	0	0	0	1
0:1612:1623	tGAGYTRKACGW	.	9	0	1	1	1	1	1
0:1624:1634	SKRWYHCYwNB	.	7	1	1	0	1	0	0
0:1635:1652	RCAKCVKBCGNKKRRKTN	['1:4871:4884', '1:3744:3757', '0:1957:1972', '0:1635:1652']	8	0	1	0	1	1	0
0:1653:1674	RTyAtRSmTGwSrCGKGTWWTT	.	7	1	1	1	1	0	1
0:1675:1687	CKSGTCGAMGGWV	['0:1675:1687', '2:5266:5287', '0:2399:2418']	6	1	1	1	0	0	1
0:1688:1700	ATGRGWBMWWGCM	['0:5206:5227', '0:1303:1318', '0:1973:1992', '0:1688:1700', '1:847:868']	5	0	1	1	0	1	1
0:1701:1715	CYWKAGCKCAAAaSM	['0:4665:4685', '0:1701:1715', '1:3839:3851']	7	0	0	0	1	1	1
0:1716:1733	tHGSRSCYGWSTaCMCVY	['1:4574:4587', '1:4725:4739', '2:2445:2463', '0:1716:1733', '1:3188:3207']	8	0	1	0	1	0	1
0:1734:1752	CSYYDYCCTgAWYCRBRYR	.	4	1	0	0	1	1	0
0:1753:1772	TwCBGMASGMWYTGTCMKKM	.	7	0	0	0	1	1	0
0:1773:1784	BGmTAATCRGcY	.	1	1	0	1	0	0	1
0:1785:1806	CNAYnDNWGTGnHCGMWadGMT	.	2	1	0	0	1	1	1
0:1807:1822	SAGDRMMRRSRTTNNA	.	8	0	0	0	1	0	1
0:1823:1834	YtSTWRAKTAAS	.	2	1	0	1	1	1	0
0:1835:1854	TAGKAATATWWCDDCwKNCA	.	6	0	1	1	1	1	1
0:1855:1870	RGGGVHATTKGYtKCw	.	2	0	1	1	0	1	1
0:1871:1881	TGAYGGMSGSR	.	7	1	0	0	1	1	1
0:1882:1901	VGGCWTGGSrGCMGAYCGgC	['2:2782:2801', '2:3900:3910', '0:1882:1901']	4	0	0	1	0	1	0
0:1902:1912	CRGVYkHWYCM	['1:4160:4178', '0:1902:1912', '1:802:814']	1	1	0	1	1	0	1
0:1913:1926	GRWGWRMTARKGAY	['1:1825:1836', '1:1453:1469', '0:1913:1926', '2:2194:2210']	1	1	0	0	0	1	0
0:1927:1939	tBCATSGKCMCAC	['2:459:470', '0:1927:1939', '0:4575:4589', '0:896:913']	8	1	0	0	0	1	0
0:1940:1956	CKCChYDRYYvcAYAKD	.	5	1	1	1	1	1	1
0:1957:1972	WMGCAMrRKKSAGKGM	['1:4871:4884', '1:3744:3757', '0:1957:1972', '0:1635:1652']	3	1	0	1	1	0	1
0:1973:1992	TTCGWTMGGMKTVMKMGMMG	['0:5206:5227', '0:1303:1318', '0:1973:1992', '0:1688:1700', '1:847:868']	5	1	1	1	1	1	0
0:1993:2004	KrAmATRGMNKA	['1:3971:3986', '2:171:192', '0:1993:2004']	6	0	0	0	1	0	0
0:2005:2025	SYCATKMYMyGGHVAMKCMaH	.	7	0	1	1	0	1	0
0:2026:2040	KTmAKTBGBMGCMKr	.	8	0	1	1	0	0	1
0:2041:2052	MMTAGWTyrGGG	.	6	0	0	0	1	0	0
0:2053:2071	GWABTRSYSTGWaCWACAA	.	5	0	1	1	0	1	0
0:2072:2084	CTGYACWRCKHBS	.	7	0	1	1	0	1	1
0:2085:2102	AAMCCrmWSCGRTRYATg	.	8	1	1	0	1	1	1
0:2103:2114	YNAAATMCKCmT	.	2	0	0	1	1	0	0
0:2115:2134	CKCCyGVCTGRWKTTMAANT	.	8	1	0	0	0	1	1
0:2135:2152	CnATCGTAKTRTSSBGGc	.	1	0	1	0	1	1	0
0:2153:2173	gWNAACTKMRCCGCMRGRGWA	.	0	0	0	1	1	1	1
0:2174:2192	CNCYGTCWSAYYVsGTCCR	['2:1936:1954', '0:2174:2192', '2:4720:4740', '2:1011:1025', '2:768:784']	7	0	0	0	1	0	1
0:2193:2207	TSwWTAcgCMTYWCA	['0:2193:2207', '2:4869:4879', '2:4900:4913', '2:4648:4665', '1:3775:3785']	5	0	0	0	0	0	1
0:2208:2226	CAVRkgGAWCAWAGYTYTR	['1:248:267', '0:4838:4856', '0:2208:2226']	1	1	1	0	1	0	0
0:2227:2243	rGmKATGcgBBYWTDGc	['1:4810:4830', '0:2227:2243', '2:3131:3149', '1:2026:2041']	5	0	0	1	0	0	1
0:2244:2256	KMSMmSYrGKKHY	.	7	0	0	0	1	0	1
0:2257:2277	SRADMKtNTYKRWCVATCMAD	.	7	1	0	0	1	1	1
0:2278:2290	TcWMDCKWSCCVC	['2:230:246', '0:2278:2290', '1:4450:4460']	4	0	1	0	0	0	0
0:2291:2301	RTAGASARYrG	.	1	0	0	1	1	1	1
0:2302:2321	AAcYMRCYMtAGKRtMWTAH	.	2	0	1	0	0	0	1
0:2322:2332	MGKCAMSVAND	['0:619:629', '2:2291:2308', '0:2322:2332']	3	1	1	1	1	1	1
0:2333:2349	SYBMMGvGmAMdYKTCK	['1:3424:3442', '2:1216:1226', '0:2333:2349']	7	1	1	1	1	1	1
0:2350:2364	RYCSBYTYsRGTVNT	['2:5588:5606', '0:2350:2364', '0:3861:3881', '2:2013:2031']	6	0	1	1	1	1	1
0:2365:2383	GCKTCTTTAAARBGCWTWT	.	4	1	0	0	1	1	0
0:2384:2398	SCTKaTTMKRRTYWA	.	9	0	1	1	1	0	0
0:2399:2418	WAMKWAMKYGCRNYGVYAAH	['0:1675:1687', '2:5266:5287', '0:2399:2418']	0	1	1	1	1	0	1
0:2419:2432	CTYYKRaAGANCWG	.	3	0	1	0	1	0	1
0:2433:2452	kTdCSBACYaCVTWSCAGYY	.	0	1	1	0	0	1	0
0:2453:2471	RCCADTSHCAARAGSSTGW	.	4	1	1	1	0	0	0
0:2472:2483	MYKMMACAYAGW	.	3	1	0	1	0	1	1
0:2484:2500	KWCNYCWAGTYGSBDCA	.	9	1	0	0	1	1	1
0:2501:2515	GSKRASTRRBCAAKk	.	1	1	1	0	1	1	0
0:2516:2537	YKTGACAMmCTWKTgRBMKWGK	.	1	1	1	1	0	1	0
0:2538:2554	AKTRCaYNKGMTCCgGC	['1:762:780', '1:5314:5325', '2:740:754', '0:2538:2554']	8	0	1	1	0	0	1
0:2555:2572	STCHRSCkWTYGGMYKDY	['0:5123:5134', '1:2695:2713', '1:2784:2805', '0:1440:1452', '0:2555:2572']	8	1	1	1	1	0	0
0:2573:2593	CAGRMkWMsmASCDTSAAAGD	['2:5607:5628', '0:2573:2593', '1:2466:2479', '0:5482:5495', '0:4686:4706']	6	1	0	0	1	1	1
0:2594:2604	tTVGTGKRTCC	['0:846:865', '1:4605:4619', '0:2594:2604', '1:747:761', '2:3951:3964']	0	0	1	0	1	1	0
0:2605:2616	SAKVDTAACWTg	.	0	1	0	0	1	1	1
0:2617:2638	GMMCyAMRSTRGyACBWRRSdK	.	9	0	0	0	0	1	1
0:2639:2657	VAWGdSHTMCKMcTaSGHT	.	9	0	1	0	1	0	0
0:2658:2672	WCWMGATAYAGWSMc	['0:2658:2672', '1:1385:1398', '1:815:830', '2:2883:2897', '1:2663:2679']	7	1	1	1	0	1	1
0:2673:2685	GWCGCSCATYAWG	.	3	0	1	1	1	0	1
0:2686:2704	TCAMGAYTvCArAVHTHCa	['2:3592:3613', '0:5469:5481', '1:3987:3997', '0:2686:2704']	3	1	0	0	1	0	0
0:2705:2721	YTCctMRYACGGKAHCC	.	2	1	0	0	0	1	1
0:2722:2732	MDYSRYADcCA	.	8	0	1	0	0	1	0
0:2733:2745	CYGSBKRSWRArS	.	4	0	1	1	0	0	0
0:2746:2766	wGMBCWWgYTTCHCCGTKYgA	.	6	1	0	0	1	0	1
0:2767:2785	MCTTGGMWCDGKRkKYrYK	['0:2767:2785', '2:1804:1818', '0:866:882', '1:3443:3464']	1	0	1	0	0	0	1
0:2786:2805	SHCVCbYTDVGGmMcMYWSA	.	7	0	0	0	1	0	0
0:2806:2827	NctGMKcASAWTCCSGGTATtY	['1:1329:1340', '0:2806:2827', '0:4253:4270', '2:640:653', '0:148:164']	5	1	1	0	1	1	1
0:2828:2841	RAYTWCTCCYdgYY	['0:2828:2841', '0:4168:4185', '1:3825:3838']	5	1	0	0	1	1	0
0:2842:2854	TCATvRMADGRtA	.	0	0	1	0	0	0	0
0:2855:2865	CVWWARGVGKK	.	1	0	0	0	1	0	1
0:2866:2880	TGyYySCKNCRCWKH	.	4	0	0	0	0	1	1
0:2881:2893	CMGWGBSMCTANC	['1:5287:5299', '0:3001:3016', '0:2881:2893']	6	0	0	1	0	1	0
0:2894:2906	VTgnRCWGyTCTT	.	6	0	1	0	1	1	1
0:2907:2926	WKAgDRWwGBMABTGYYGRY	.	3	0	1	1	1	0	0
0:2927:2945	TTCASKKSaCMGGTGGCmT	['2:365:386', '0:2927:2945', '0:4217:4233']	6	0	0	0	1	1	0
0:2946:2964	TRACAGGSYBTRNKCAKGG	['0:2946:2964', '0:321:333', '1:5361:5371']	8	0	1	1	0	0	1
0:2965:2983	VrHMMYgGKkYGSWCAGAA	['2:352:364', '2:1343:1364', '0:2965:2983', '1:1481:1491', '1:469:487']	9	1	0	1	1	0	1
0:2984:3000	ARYKTMGASCMCStMNM	.	9	1	0	0	1	1	0
0:3001:3016	sATaYDKTCMtbTYCS	['1:5287:5299', '0:3001:3016', '0:2881:2893']	0	1	1	0	1	0	1
0:3017:3031	SYWABGCCCWvwGTG	.	2	1	0	1	0	1	0
0:3032:3046	YNATWYRtACWTMMA	.	4	1	0	1	0	1	1
0:3047:3061	KaGmWhCRGTMNTGC	.	0	1	0	0	0	1	0
0:3062:3080	GRTCCCTTAAGSMTaRTGH	.	2	0	1	0	1	1	1
0:3081:3097	TMCTAGKTMGcTCGCGN	.	7	0	1	1	0	1	1
0:3098:3111	SCgSSAGDRcCTKC	['0:3098:3111', '2:507:522', '2:4950:4964']	7	1	0	1	0	0	1
0:3112:3125	SHCsCACAsSATBA	['0:3112:3125', '2:1244:1258', '1:3958:3970']	3	1	1	0	0	0	0
0:3126:3136	DWGNATTCGGd	.	3	1	1	0	0	0	0
0:3137:3158	CaSCGwKGrCMMYDGBGAAWWA	.	0	1	1	1	1	1	1
0:3159:3177	YTWKSRASSGYSWRYTGYT	.	1	1	1	1	1	0	1
0:3178:3191	TTgSSGTYAcGCAt	['1:2827:2845', '2:4366:4383', '0:3178:3191', '2:2343:2355', '1:1399:1420']	5	0	0	0	1	0	0
0:3192:3211	GYCTWAmRmYDNYAGawCTM	.	1	1	1	0	0	0	1
0:3212:3225	GKRRTYMGAAMCCB	['0:3212:3225', '0:3391:3407', '2:471:486', '2:3643:3656']	0	1	0	1	0	1	1
0:3226:3242	NVVCYcRGWARtANaWW	.	1	0	1	0	0	0	0
0:3243:3261	GRWTKTMWCNDAGvCYARC	.	5	1	1	1	0	1	1
0:3262:3279	CaKGSTBSRACGAAVCGG	.	1	1	0	1	1	0	0
0:3280:3294	DGcgAAYRRCYVACC	.	7	1	0	0	1	1	1
0:3295:3306	HTMTtSCRHTTw	.	8	1	0	0	1	0	1
0:3307:3325	ATTRVCRAHACkMMRCSAt	['1:2630:2650', '0:1319:1335', '1:2356:2377', '0:3307:3325']	9	1	0	0	1	1	0
0:3326:3347	AATCBWBMCTTATWATAMgYDS	['2:2418:2431', '2:4776:4790', '0:3326:3347', '0:39:59']	7	1	0	0	0	1	1
0:3348:3361	CKwTSKSgWRACBA	.	9	0	0	0	0	0	1
0:3362:3376	WWYWGTATsMkBWGR	.	6	0	1	0	1	1	0
0:3377:3390	TWAAGYWKSGNCYT	['0:88:104', '2:2123:2134', '0:3377:3390', '0:3583:3598']	5	0	0	1	0	1	1
0:3391:3407	GYWHKGAARGCWmCTCw	['0:3212:3225', '0:3391:3407', '2:471:486', '2:3643:3656']	6	1	0	0	1	1	1
0:3408:3419	MSNKnsSTRYTD	.	2	0	0	0	0	1	1
0:3420:3440	TYwKGYASASACVCGCACTcR	['2:4414:4433', '2:3037:3052', '1:1643:1661', '0:3420:3440', '1:4703:4724']	1	1	1	1	1	1	0
0:3441:3461	KTMSAMARwHCCMnDCWRASW	.	2	1	0	0	1	1	0
0:3462:3476	rSCRKRGCKMWCTTR	.	1	1	0	0	0	1	1
0:3477:3487	AACTWYGAySG	.	7	1	1	0	0	1	1
0:3488:3505	THYRTTkAMWVRAATYRT	.	6	0	1	1	1	0	0
0:3506:3520	GGMGSGACAGTCKcC	.	6	0	1	0	0	0	0
0:3521:3531	MVTCMWTYKCy	['1:2734:2752', '0:3521:3531', '1:1023:1033', '0:4493:4508', '1:287:303']	7	1	1	1	1	1	0
0:3532:3551	CCRmHCVYYMACWWSARTtG	['2:2032:2050', '2:3706:3723', '1:3150:3168', '0:3532:3551']	2	1	0	1	0	0	1
0:3552:3569	THKMACCRCKAvDTCCAT	['0:3552:3569', '0:3787:3800', '1:2946:2960']	3	0	1	0	1	1	1
0:3570:3582	MCGTRSSMTYTAY	.	6	1	0	0	1	0	0
0:3583:3598	ARYWKhWGAWMTCKAC	['0:88:104', '2:2123:2134', '0:3377:3390', '0:3583:3598']	9	1	1	0	0	1	1
0:3599:3617	yMCKWkRtAWAWSCTTAmA	.	7	0	0	0	1	0	1
0:3618:3633	TGRCGBhCySGWCSBA	.	7	0	1	1	1	1	1
0:3634:3644	GCKRTGRtRBA	['0:3634:3644', '1:11:31', '2:2832:2850', '1:488:503', '1:2872:2889']	5	1	0	0	0	1	0
0:3645:3655	GGCABTWAABK	['2:1471:1492', '1:1127:1146', '0:3645:3655']	0	0	1	0	0	0	0
0:3656:3667	YGGGCGMGCCKc	.	2	0	1	1	0	1	1
0:3668:3682	wGAMTVAYkmTRGCC	.	0	0	1	0	0	1	0
0:3683:3693	YYCnMASGTAN	['0:3683:3693', '2:5389:5401', '1:781:801']	6	1	1	1	1	0	0
0:3694:3714	GgCwGaWwKMDAHrRWWWTYA	.	4	1	0	0	1	0	0
0:3715:3736	AHSGAATcRYYrSASWHHaTTB	.	3	0	0	0	1	1	1
0:3737:3753	TCBHAAVCBKYMGYkRC	.	2	1	0	0	1	1	1
0:3754:3767	GSCKHTTCMTKGGV	.	5	1	0	0	0	1	0
0:3768:3786	KSSyARGTWSTMGRTyaTC	.	8	0	1	0	1	1	1
0:3787:3800	HGCAKYMWGmMAWt	['0:3552:3569', '0:3787:3800', '1:2946:2960']	2	1	0	0	1	0	1
0:3801:3813	RWkWMtTAWYGWC	['0:3801:3813', '2:5480:5498', '2:3231:3245', '2:1769:1783']	4	0	1	0	1	1	1
0:3814:3830	CMGTMKYVTSMtGCGYA	.	8	0	0	1	1	0	0
0:3831:3844	YTCRWtGASMDWGR	['1:4918:4929', '2:82:100', '0:3831:3844']	0	0	0	0	0	0	0
0:3845:3860	GGBAYGAAWRkKTBGS	.	5	0	1	0	1	1	1
0:3861:3881	TGTMAWYRCRAmTSkRCRASY	['2:5588:5606', '0:2350:2364', '0:3861:3881', '2:2013:2031']	4	0	0	0	0	1	1
0:3882:3898	SACTANARYMTgGKSRG	['2:3268:3280', '2:834:846', '0:3882:3898']	2	0	1	1	0	0	1
0:3899:3918	ACYGRhRTAGNkKWATaAVT	.	9	1	0	1	0	0	0
0:3919:3936	AWRCGMRGWRRYtCBYGw	.	1	0	0	1	1	0	1
0:3937:3957	RKtKAAGGCTGYACCAKWMMG	['1:3321:3332', '2:5115:5131', '2:1060:1074', '0:3937:3957']	8	1	1	0	0	0	0
0:3958:3970	GGGGCYgGCGMtK	['0:3958:3970', '1:4045:4062', '2:3169:3185']	4	0	1	0	0	0	1
0:3971:3986	WYSTGkTRGASYGTAR	.	2	1	0	1	1	1	0
0:3987:4001	SRACywdsGKTSTvT	.	9	1	1	0	1	0	0
0:4002:4020	gGTCRmWGAGWCYWTRCNA	.	7	1	1	1	1	0	1
0:4021:4037	GCTGcTHKYMTMKTGGC	.	5	1	0	1	0	1	1
0:4038:4048	GGACTsNMRYR	['2:1701:1713', '1:2890:2908', '0:4038:4048']	2	0	0	0	0	1	0
0:4049:4062	GsHacAWaAYAGYA	.	1	1	0	1	0	1	0
0:4063:4073	rCASDMAGGaA	.	3	0	1	0	1	0	1
0:4074:4086	AAMTYTYVYAHGV	.	1	0	1	1	0	0	1
0:4087:4099	TMDTGACGAMTsA	.	3	1	1	0	1	1	1
0:4100:4113	ACWYSGKAWKAYWN	.	5	0	0	1	0	0	1
0:4114:4134	ARgKRGTTGSTWCWTGYGCTT	.	5	1	0	0	1	0	0
0:4135:4151	GCcRGTDCWCSGCGTRT	.	2	1	0	1	1	1	0
0:4152:4167	TSSCKaGSTGWCCCAS	.	0	0	1	0	1	1	1
0:4168:4185	YYCWTAYBHWThCKMYMR	['0:2828:2841', '0:4168:4185', '1:3825:3838']	0	0	0	1	0	1	0
0:4186:4196	BYVGDTRRGRA	.	8	0	1	0	0	0	1
0:4197:4216	TGvNHCMKGAHYBSGRMKTK	.	5	0	0	0	1	0	0
0:4217:4233	MYMSMTHGCCBgRCWCR	['2:365:386', '0:2927:2945', '0:4217:4233']	2	0	1	1	0	0	0
0:4234:4252	RRSAWSRKTAAMTCCACTS	.	5	1	1	1	0	1	0
0:4253:4270	KCRAHGVACMCmAWTAAA	['1:1329:1340', '0:2806:2827', '0:4253:4270', '2:640:653', '0:148:164']	1	0	1	0	1	0	1
0:4271:4283	TSCWCSCKYTCcy	.	8	0	1	0	0	1	1
0:4284:4302	DyBAHACATKCTYANWTMA	['2:3026:3036', '0:4284:4302', '0:402:423', '1:3307:3320', '1:1902:1922']	5	0	0	0	1	0	0
0:4303:4322	GTCGcCNCWADKsSMWCYRM	.	6	1	1	0	0	0	1
0:4323:4343	RRRTWACGKCTYSCWCSTSNW	.	1	1	1	0	1	0	1
0:4344:4361	CTSCWGAGsKVKGcMCYg	['2:4806:4827', '1:2517:2528', '2:5562:5576', '0:212:230', '0:4344:4361']	3	0	0	0	0	0	0
0:4362:4372	NKAGTWccATS	.	5	1	0	1	1	0	1
0:4373:4383	CGKSCTSTSTG	.	0	1	1	1	0	1	0
0:4384:4396	SDCCAKMTCMMAN	.	3	1	1	1	0	1	1
0:4397:4418	VVGDVcNANTTWKDAGARMGGW	['2:4276:4289', '2:2851:2870', '2:5360:5376', '0:4397:4418']	7	1	0	1	0	0	0
0:4419:4431	GGGVKACCAKAKw	.	8	1	0	1	0	1	0
0:4432:4449	WSTgVGCTCCHSGWTCAS	.	5	0	1	1	1	1	0
0:4450:4466	GMAMRsmAAACRYAYmM	['0:4857:4874', '1:1298:1316', '2:3614:3629', '0:4450:4466', '0:4929:4941']	2	0	0	1	1	1	1
0:4467:4481	BHTcAAkGKRSBwAA	['2:1856:1874', '2:4628:4647', '0:4467:4481', '2:3878:3899', '2:4565:4579']	7	1	0	0	1	0	0
0:4482:4492	CYVtSACMGCG	.	2	1	1	1	1	1	0
0:4493:4508	YvKSCKSKYWKKYHAG	['1:2734:2752', '0:3521:3531', '1:1023:1033', '0:4493:4508', '1:287:303']	0	0	0	0	0	1	0
0:4509:4522	GCAMANSAAYRwSS	.	0	0	1	1	1	0	0
0:4523:4534	TVkaKMAgBWMA	.	2	0	0	1	1	0	0
0:4535:4554	gyYKWMWyMKCAsmTKRVGa	.	7	1	1	0	0	0	1
0:4555:4574	CKTWTYCAsKYNcSKCTaSA	['0:4555:4574', '2:1047:1059', '0:137:147']	5	1	0	0	0	1	0
0:4575:4589	GWHYWCYNCCYCRAT	['2:459:470', '0:1927:1939', '0:4575:4589', '0:896:913']	2	1	1	0	0	0	0
0:4590:4610	CGGAGAHNWmGTGNTCGGKKA	.	6	0	1	1	1	0	0
0:4611:4625	DtTGMMRKGWSATTW	['0:345:355', '1:2575:2594', '0:4611:4625', '2:5254:5265']	3	1	0	0	0	1	1
0:4626:4647	GGTtGtKAKGAyGWKGHCRTBH	.	7	0	1	0	0	1	0
0:4648:4664	CMAcCTCRcGTgGTGGG	.	1	0	1	0	0	1	0
0:4665:4685	AARSMGTTSGwAAsYCMTCWa	['0:4665:4685', '0:1701:1715', '1:3839:3851']	5	1	1	0	1	1	1
0:4686:4706	WTRKTRCCArTaCKTATWCTH	['2:5607:5628', '0:2573:2593', '1:2466:2479', '0:5482:5495', '0:4686:4706']	3	0	1	0	0	0	1
0:4707:4728	RgYMAcRGTYYWYKGWRWYWTC	['2:1075:1094', '1:1096:1108', '0:4707:4728']	7	0	0	0	0	0	0
0:4729:4742	MCNWCTCYKYYwAY	.	9	1	0	1	0	1	1
0:4743:4753	CRVGHCKRWAA	.	3	0	1	1	1	0	1
0:4754:4766	KKWRCYMMNRWTG	.	0	0	1	0	0	1	0
0:4767:4787	SBRTCSMSAGWMGRWTMCYKK	['0:4767:4787', '0:660:679', '2:698:719', '2:5402:5423', '1:2445:2465']	9	0	0	0	1	0	1
0:4788:4805	TKTCSWTwADAAKVCANS	.	0	0	0	1	1	0	1
0:4806:4822	tCGgSCMWRDMTDTRGG	.	8	1	1	1	0	0	0
0:4823:4837	KSWGGSARatGGAWA	['2:2172:2193', '0:4823:4837', '2:3859:3877', '0:4907:4928']	6	0	1	0	1	1	1
0:4838:4856	WaBRMCAAYCYTYGGTMAR	['1:248:267', '0:4838:4856', '0:2208:2226']	3	1	1	1	0	1	1
0:4857:4874	SWGAwCMgbRaMCcRAAM	['0:4857:4874', '1:1298:1316', '2:3614:3629', '0:4450:4466', '0:4929:4941']	0	1	0	1	1	0	1
0:4875:4886	TRBrSCAMADAr	.	2	0	0	0	1	1	0
0:4887:4906	SCKRDRACRBMAyDMCRCCY	.	1	1	0	0	0	0	0
0:4907:4928	ASCAaCABDCGKKSaCGSKSKN	['2:2172:2193', '0:4823:4837', '2:3859:3877', '0:4907:4928']	5	0	1	1	1	0	0
0:4929:4941	ANAGACYAMACHG	['0:4857:4874', '1:1298:1316', '2:3614:3629', '0:4450:4466', '0:4929:4941']	6	1	0	1	1	0	1
0:4942:4961	GMSAACRMGTCCTSVTAMmT	['1:2345:2355', '0:4942:4961', '1:2117:2138', '2:3335:3353', '2:3822:3837']	2	0	0	0	0	1	0
0:4962:4979	aRCGTTCGGNAyAAGCAK	.	5	1	1	0	0	0	0
0:4980:4999	ATTAKRDCKTRCCSSGMGWC	.	1	0	1	1	1	0	1
0:5000:5019	AMNcbKTRaCTACAWRCWMw	.	0	1	0	1	1	0	1
0:5020:5035	RYNWGcGTWGATAYGC	.	9	1	0	0	1	1	1
0:5036:5049	CCWwScATMrTKSG	.	4	1	0	1	1	1	1
0:5050:5063	NCTTSATATMKGTA	.	7	0	1	1	0	0	1
0:5064:5082	RCAcGMGKMACCGSAYSCG	.	8	0	0	0	0	1	1
0:5083:5103	CGTSKWTGcDYRAHYKGaRCN	.	0	1	0	0	1	0	0
0:5104:5122	TNSDGKCyYDTSTGTRATa	.	9	1	0	1	1	0	1
0:5123:5134	YTGCKKRGAGWM	['0:5123:5134', '1:2695:2713', '1:2784:2805', '0:1440:1452', '0:2555:2572']	7	0	0	1	0	0	0
0:5135:5156	MSGBmASHSAACBHKSGYSAAC	.	0	0	0	0	1	1	0
0:5157:5173	WaRWGRVCgYRRGCTKB	.	6	1	1	1	0	1	1
0:5174:5188	VMWGKmGkCKMDGGA	.	3	1	1	1	0	1	0
0:5189:5205	YTgGCTHYRRGACDKCA	.	4	0	0	0	0	0	1
0:5206:5227	StAGYMAWTBGSCBMYcTDtCA	['0:5206:5227', '0:1303:1318', '0:1973:1992', '0:1688:1700', '1:847:868']	0	0	0	1	0	1	1
0:5228:5243	WCRAMACMWRSMNGCK	.	4	1	0	1	0	0	0
0:5244:5263	cRMTCKGhAAkRGTVTBCCr	.	1	0	0	1	0	1	0
0:5264:5284	GYdCYBTMBYraRSGTRTBRY	.	3	1	1	0	0	0	0
0:5285:5300	RBMTNHAYGTSACACa	.	3	1	0	1	0	1	0
0:5301:5312	HYYaAGRCRTGT	.	8	1	0	1	1	0	0
0:5313:5328	GTAAMNMTACTATAGA	.	5	1	0	1	1	0	0
0:5329:5345	CNAWWsGYCAYtKaTYT	['2:2432:2444', '0:5329:5345', '2:1515:1528']	9	0	1	1	1	1	1
0:5346:5364	GAdYKCWWCHGMAWAKWVG	.	7	1	1	0	0	0	0
0:5365:5386	CGNKTAgRGYSCGRWBgAGYkT	['2:4512:4523', '1:5040:5060', '0:5365:5386', '1:3576:3594']	0	1	1	0	0	1	1
0:5387:5404	BGGKtKKGKACCTWkYsN	.	6	1	1	1	0	0	1
0:5405:5418	SCACHGARCKArSG	.	6	1	1	0	0	1	1
0:5419:5434	SVTkGGRtyCMWRRYC	.	3	1	0	0	1	1	0
0:5435:5450	HAVGbsKRGAKSKSCK	['1:4853:4870', '1:4740:4759', '0:5435:5450']	1	0	0	0	1	0	1
0:5451:5468	YYrRRYYTKWARCHARkc	.	2	1	1	1	1	0	0
0:5469:5481	ANBYNCGGADKYG	['2:3592:3613', '0:5469:5481', '1:3987:3997', '0:2686:2704']	3	0	1	0	1	1	1
0:5482:5495	MTAMNMCTWAtWMH	['2:5607:5628', '0:2573:2593', '1:2466:2479', '0:5482:5495', '0:4686:4706']	5	0	1	0	0	0	0
0:5496:5509	ASATAKcTMTTGYA	.	9	0	0	0	0	0	1
1:0:10	BgTRsASTRTG	['2:3409:3428', '1:1728:1739', '1:0:10']	1	1	1	1	1	1	1
1:11:31	GsSGTSCYMWTCGGnCKWGCM	['0:3634:3644', '1:11:31', '2:2832:2850', '1:488:503', '1:2872:2889']	6	0	0	1	1	0	0
1:32:47	MrCTSTSACRKKADWC	['2:2135:2156', '1:1609:1620', '1:32:47', '2:1159:1179']	1	1	1	1	0	0	1
1:48:58	TCYNATTYSKM	['1:147:161', '0:597:618', '0:195:211', '1:48:58', '2:2270:2290']	2	1	0	0	0	1	1
1:59:79	AABDCSGCDSWBGGGRSSTyS	.	3	1	1	1	1	0	0
1:80:93	GMASASSAGKYASR	.	9	1	0	0	1	0	0
1:94:108	CCKMkABYTACCSKC	['2:3429:3449', '1:94:108', '2:949:964', '2:3792:3807', '1:2595:2616']	8	0	0	1	0	1	0
1:109:126	KtGAsKTMMtKSACSyCC	.	3	0	1	1	1	1	0
1:127:146	SGATANMCcAcSYTBGAGCC	['2:2586:2596', '1:127:146', '1:3725:3743', '2:2157:2171', '1:3333:3354']	4	1	0	0	0	1	1
1:147:161	sYBGKCAwkATTCYM	['1:147:161', '0:597:618', '0:195:211', '1:48:58', '2:2270:2290']	2	0	1	1	0	1	0
1:162:176	GDAYTWWCBKBRTRH	.	5	1	1	0	1	1	1
1:177:190	NRGRCMGWCTmMSR	.	7	1	1	1	1	1	0
1:191:204	ACWTASTBkRGAMA	.	3	0	1	0	0	1	0
1:205:218	TAWgAYKGsCTGGV	['1:2529:2543', '2:1139:1158', '1:205:218']	6	1	1	0	0	1	0
1:219:234	WAAWCWWKAHVGAkKT	.	2	1	1	1	0	1	0
1:235:247	GsKGHTYRRGMGC	.	7	0	1	0	1	0	1
1:248:267	CGRRGBYBCCTGARCTMYCG	['1:248:267', '0:4838:4856', '0:2208:2226']	2	1	0	1	0	1	1
1:268:286	WWCYYaKARSDACWTTwWG	.	1	1	1	0	1	1	1
1:287:303	CCBBKMDARAGYHKSBC	['1:2734:2752', '0:3521:3531', '1:1023:1033', '0:4493:4508', '1:287:303']	3	1	0	0	1	1	0
1:304:318	YARBTMsKgCAVCTK	.	0	0	0	1	0	0	0
1:319:332	YGGWRRMGMYGYTG	.	3	1	1	0	0	0	0
1:333:350	KCCGASsATGWGATKCYN	.	7	0	1	1	0	0	1
1:351:366	KACCGTGWGTYMAHSK	['0:1143:1157', '1:351:366', '1:2251:2262', '2:4384:4394']	1	1	1	1	0	1	0
1:367:383	rSRBGMAACKMWVATSM	.	2	1	0	1	0	1	0
1:384:395	CSGAGGaAYhAT	.	9	1	0	1	0	1	1
1:396:416	DTTTWAKTRKTACGGWbGaDA	.	6	1	1	1	0	0	1
1:417:431	TRHNAWtyTATWMTm	.	9	0	1	1	0	0	0
1:432:448	GGKMcGRGMCkMSSCTk	.	5	0	1	0	1	1	1
1:449:468	cAKRSMATCCKGWKKMVACA	.	9	0	0	1	0	1	1
1:469:487	NBRATSRWVcMDMGTTTRR	['2:352:364', '2:1343:1364', '0:2965:2983', '1:1481:1491', '1:469:487']	7	1	0	0	1	0	1
1:488:503	RGCCHGKBSKGATVNC	['0:3634:3644', '1:11:31', '2:2832:2850', '1:488:503', '1:2872:2889']	5	0	1	1	0	0	0
1:504:522	TAtTKTYKAGBSAtSGSGG	.	2	0	0	1	0	0	0
1:523:539	GAKAKtTyKCSgsWASM	.	7	1	0	0	1	0	1
1:540:551	KAAKTCRAkSWb	['1:4099:4117', '1:4527:4547', '2:4741:4752', '1:540:551']	8	0	0	1	1	1	1
1:552:568	RgCCGTgVCTTVgSAmK	.	9	1	0	1	0	1	1
1:569:585	GAAaTTKGKTHDWMTtC	.	5	1	0	1	1	1	1
1:586:606	AKCWNSATtGBDNWGWTCABR	['1:586:606', '1:3056:3071', '2:4261:4275']	3	1	1	0	1	1	0
1:607:627	TMStCCMdGGTMGTMRYGGGy	.	4	1	1	0	1	0	0
1:628:643	CtMKCYCYSTRCcCSG	.	4	0	1	1	1	0	0
1:644:657	cSSBNTGYTMCANW	.	9	1	1	1	1	0	1
1:658:678	KCgGCMWCNADGKKKDMAARA	.	8	0	0	0	1	1	1
1:679:699	GCWCTACMVYCWYGgAStCCG	.	9	1	0	1	0	0	0
1:700:713	CVgGYMySSWVCGC	.	4	0	0	0	1	1	1
1:714:730	rATGSTTKHTSttWGTS	.	5	0	0	0	1	0	0
1:731:746	CYCDACASDBAAYGGs	.	6	1	1	0	0	1	0
1:747:761	CACRCYcRTTmAaSG	['0:846:865', '1:4605:4619', '0:2594:2604', '1:747:761', '2:3951:3964']	6	0	0	1	1	1	0
1:762:780	rDMWSCTRAbStRcCCGCK	['1:762:780', '1:5314:5325', '2:740:754', '0:2538:2554']	3	0	1	1	0	1	0
1:781:801	YCWYCVAcWTCCCgKKVkGKG	['0:3683:3693', '2:5389:5401', '1:781:801']	3	0	1	0	1	0	1
1:802:814	YTCACTYwMMSTA	['1:4160:4178', '0:1902:1912', '1:802:814']	4	0	0	0	0	1	1
1:815:830	WKKRACRWBSARdYRH	['0:2658:2672', '1:1385:1398', '1:815:830', '2:2883:2897', '1:2663:2679']	6	0	1	0	0	0	0
1:831:846	GCKAMWBrCAMttYCR	.	7	0	0	1	1	0	0
1:847:868	RtYmRAGTYTyHAWTCCtWNGA	['0:5206:5227', '0:1303:1318', '0:1973:1992', '0:1688:1700', '1:847:868']	1	0	1	0	0	1	0
1:869:884	MSWMsGGGgNYYWKNC	.	4	1	1	1	0	1	0
1:885:900	ARGYYKKBSVSGRKYg	.	7	1	1	0	1	1	0
1:901:916	YBGRCKGCDsACTKGk	.	3	1	0	1	1	0	0
1:917:929	BACASmBSTCRgR	.	9	1	1	1	0	0	0
1:930:941	VRCRMkKWrBSW	.	6	1	1	1	0	1	0
1:942:962	CAKWBGKCTGAAKRMDCCGkK	.	1	0	0	0	0	1	1
1:963:974	TAWMYWGAmTGG	.	9	1	0	0	1	1	0
1:975:995	KGAWGaKGCCCKSrRSGRKAT	.	5	0	1	0	0	1	1
1:996:1009	WATTWVMWaTgKCM	.	3	0	0	1	0	1	1
1:1010:1022	YHAVYACTMtCCG	['1:5394:5411', '1:1010:1022', '2:1568:1583']	5	0	0	1	1	0	0
1:1023:1033	MgAGAKcCKAW	['1:2734:2752', '0:3521:3531', '1:1023:1033', '0:4493:4508', '1:287:303']	8	0	1	0	1	0	1
1:1034:1049	TTTYAWGYRCTRTGGT	.	0	1	1	1	1	0	0
1:1050:1064	MCAGTWaAAAVArAY	.	7	1	0	0	1	0	1
1:1065:1078	GTAACBANAAAATC	.	3	1	0	0	1	1	1
1:1079:1095	TAGSKAMGRGMTKVCAT	['1:3852:3873', '1:1079:1095', '2:1095:1107', '1:2714:2733']	8	1	0	0	1	1	0
1:1096:1108	TSsAWMnMTGMkB	['2:1075:1094', '1:1096:1108', '0:4707:4728']	8	0	1	1	1	1	1
1:1109:1126	SrTAGCTrKRSWRTRGRC	.	6	0	0	0	0	1	0
1:1127:1146	SSGYmWSCMGKTATMCAGKY	['2:1471:1492', '1:1127:1146', '0:3645:3655']	2	0	1	0	1	0	0
1:1147:1166	gCSgTMGCRAWAWRGNGMRT	['1:1944:1958', '1:1147:1166', '2:1108:1119', '1:4899:4917']	9	1	1	0	0	0	1
1:1167:1178	WMHgMMTHYNnA	['2:3724:3740', '1:1167:1178', '0:569:583', '1:4760:4777', '1:2926:2945']	9	1	0	0	0	0	0
1:1179:1193	TKdnaTMCTKRGMAa	.	6	1	0	0	0	1	1
1:1194:1215	cCKATARGMBAWWGGGsCWCCC	.	1	1	1	1	0	1	0
1:1216:1230	AtTaTRAYRGkCcgW	.	9	1	1	0	0	1	1
1:1231:1248	TTGGRNGYCSYKkSCKTR	.	7	0	1	0	1	0	1
1:1249:1269	CACATGtRgCAHmWAVGATAA	.	8	0	1	1	1	1	1
1:1270:1286	CTvTNYKYTYGTRaRGa	.	2	1	1	1	1	1	0
1:1287:1297	WrKGYkMCTRG	['0:1370:1391', '1:1287:1297', '1:2174:2188', '1:4991:5008']	5	0	1	0	0	1	1
1:1298:1316	GKTCCRYTRTCBYRRkWCB	['0:4857:4874', '1:1298:1316', '2:3614:3629', '0:4450:4466', '0:4929:4941']	3	1	0	1	1	1	1
1:1317:1328	DGTASAwTRmAG	.	8	0	0	1	0	1	0
1:1329:1340	BVsRGwSNWrRT	['1:1329:1340', '0:2806:2827', '0:4253:4270', '2:640:653', '0:148:164']	6	1	1	1	0	0	1
1:1341:1352	AGsNStGsWSMM	.	3	0	1	1	1	0	1
1:1353:1363	WMyNCACATAc	.	0	1	1	1	1	0	0
1:1364:1384	BCWTAWMTGygWVgTGyCGMR	.	4	0	0	0	0	0	0
1:1385:1398	CAMGRRSBATTRGD	['0:2658:2672', '1:1385:1398', '1:815:830', '2:2883:2897', '1:2663:2679']	3	0	0	0	0	0	0
1:1399:1420	GCgDabTCAwBNMTRHTAGGMW	['1:2827:2845', '2:4366:4383', '0:3178:3191', '2:2343:2355', '1:1399:1420']	6	0	1	0	1	1	1
1:1421:1432	KYMWTyCWyTST	.	6	0	0	1	1	0	1
1:1433:1452	tCKWWGWCKTAHTMMTARTC	.	3	1	0	1	0	0	1
1:1453:1469	WSBNAgTCRWWYTKSTM	['1:1825:1836', '1:1453:1469', '0:1913:1926', '2:2194:2210']	5	1	0	1	1	1	1
1:1470:1480	CTWNCTDMCWH	.	6	0	1	0	0	0	0
1:1481:1491	AYGTATMGTAA	['2:352:364', '2:1343:1364', '0:2965:2983', '1:1481:1491', '1:469:487']	4	0	1	1	0	1	1
1:1492:1508	AYSwCGcGTRCACTGKT	.	6	0	1	0	1	1	0
1:1509:1524	MrkCACCTKYMSRBMK	.	2	0	1	0	0	0	0
1:1525:1535	AAGSTTaCSAY	.	1	1	1	0	1	1	1
1:1536:1556	AVAAGKAARAAGAcGRWDWTT	.	0	0	1	1	0	1	0
1:1557:1576	YAWsWAtDCGGCWCKAGDSG	.	7	0	0	0	0	1	0
1:1577:1595	rGcWMDRwRsHSrTyTKKY	.	0	1	1	1	1	1	0
1:1596:1608	CGgTACAATRCRG	.	5	0	1	1	1	1	0
1:1609:1620	TTgsRTKDMCtV	['2:2135:2156', '1:1609:1620', '1:32:47', '2:1159:1179']	6	1	1	0	1	1	0
1:1621:1642	AYKRTKgGgKAYDARGKMCYWY	['0:1093:1111', '1:2238:2250', '1:1621:1642', '1:2909:2925', '1:2753:2765']	8	1	1	0	1	1	1
1:1643:1661	CWWBAYWRGYCGTAMTaMC	['2:4414:4433', '2:3037:3052', '1:1643:1661', '0:3420:3440', '1:4703:4724']	0	1	1	0	0	1	1
1:1662:1675	GYSwDVACTBRGCC	.	8	1	0	0	1	1	0
1:1676:1693	BTCNBBGTRKCSTCRTGC	.	2	0	1	1	1	0	0
1:1694:1711	TAGACcGYDANTtSYCRA	.	0	0	0	1	1	1	0
1:1712:1727	KAtYTCCTGCYRCNhM	.	9	1	1	0	0	1	0
1:1728:1739	MAHTcYTDsGTY	['2:3409:3428', '1:1728:1739', '1:0:10']	0	0	1	0	1	0	1
1:1740:1761	AYCcTsCTARSBTGCYCSTMGc	.	1	1	0	0	1	1	1
1:1762:1777	YYCYTTAGMHMGYYKC	.	7	0	0	1	1	0	1
1:1778:1794	KHGMdCKgMGYVCBRwK	.	7	1	0	1	1	0	0
1:1795:1812	SKAaHCTTARRsTKTGMR	.	9	1	1	0	0	0	1
1:1813:1824	SDTGCGCScSTY	.	5	0	1	0	1	0	1
1:1825:1836	BSGkWCACBRGA	['1:1825:1836', '1:1453:1469', '0:1913:1926', '2:2194:2210']	9	0	0	1	0	0	0
1:1837:1852	YcYRKNGYGCDMAMCG	.	2	0	0	1	0	0	1
1:1853:1867	SGCAACRDYaMWAGG	.	6	0	0	0	1	1	0
1:1868:1881	cGAYGSAcaNTAKG	['2:5166:5180', '1:1868:1881', '2:5577:5587', '2:31:42']	5	0	0	1	1	0	1
1:1882:1901	cCGDYKASGWCKRMTWSARG	.	7	0	1	1	1	0	0
1:1902:1922	WACARhCNWdkSACDAGTVWW	['2:3026:3036', '0:4284:4302', '0:402:423', '1:3307:3320', '1:1902:1922']	6	1	1	1	0	0	1
1:1923:1943	GNGTMHAGCKGCTMTRKTARA	.	1	0	0	0	0	0	0
1:1944:1958	KrGCSBAGCWCRGWS	['1:1944:1958', '1:1147:1166', '2:1108:1119', '1:4899:4917']	2	1	0	0	0	0	1
1:1959:1978	TGKRCGYAMYRbAVNWCCAV	.	6	0	0	1	1	0	0
1:1979:2000	WDSSSSGTYTRGtTSaGTKTGw	.	3	0	1	1	0	0	1
1:2001:2011	MRCkCyKGRAW	.	3	1	0	1	0	1	1
1:2012:2025	ARYSTWGMGRKTMR	.	4	1	0	0	0	0	0
1:2026:2041	DARCMSCKAAHDsGDR	['1:4810:4830', '0:2227:2243', '2:3131:3149', '1:2026:2041']	5	0	1	0	0	0	1
1:2042:2053	TcWnCTWAWTCR	['1:2042:2053', '2:3911:3925', '0:1041:1052']	3	1	1	1	1	1	0
1:2054:2068	CTKCSAWMAGKCAWA	.	8	1	1	0	1	1	1
1:2069:2087	TBMGCMGwTAKCCbMAYAH	.	4	1	1	1	1	1	1
1:2088:2099	DGKGcTDMATSC	.	5	0	0	1	0	1	1
1:2100:2116	CGWaCCRWCTnKTAGYK	.	5	1	1	0	0	1	1
1:2117:2138	KGBBSMTMGYbGaKCYCNHWGW	['1:2345:2355', '0:4942:4961', '1:2117:2138', '2:3335:3353', '2:3822:3837']	8	1	1	0	0	1	1
1:2139:2157	GRDGMYCTCATMGTgMMNA	['2:2211:2228', '1:2139:2157', '2:5424:5441']	0	0	1	0	0	0	1
1:2158:2173	TRGAGRTTTDMBTCYG	.	3	0	0	0	0	1	0
1:2174:2188	HTSGRATRCTGTcGA	['0:1370:1391', '1:1287:1297', '1:2174:2188', '1:4991:5008']	9	1	1	1	1	0	0
1:2189:2202	CCRMCKMCGYWARC	.	1	0	1	0	0	1	0
1:2203:2222	TkTRHNAKYHCrRAGvWTTC	.	7	1	1	1	1	1	1
1:2223:2237	AwaTYCAGVKTAASG	.	3	0	0	1	0	0	0
1:2238:2250	wTAYRTTGRMCCT	['0:1093:1111', '1:2238:2250', '1:1621:1642', '1:2909:2925', '1:2753:2765']	5	1	1	1	0	0	0
1:2251:2262	SCNGAGYHATTT	['0:1143:1157', '1:351:366', '1:2251:2262', '2:4384:4394']	8	0	0	1	1	1	1
1:2263:2276	SAAGACWHGKGWTC	.	8	1	1	1	1	0	1
1:2277:2290	WGAgRMCKVKYCAR	.	8	1	0	1	1	0	0
1:2291:2303	GSGTsACTTRSMS	.	9	1	0	0	1	1	0
1:2304:2315	CVTARHNHMKTT	.	8	0	0	1	0	0	0
1:2316:2327	KGgAWSMTKASS	.	1	0	1	0	0	1	0
1:2328:2344	ACCDAAACMARGDArTY	['0:554:568', '2:3940:3950', '1:2328:2344', '2:1955:1974', '2:654:669']	7	0	1	1	0	1	1
1:2345:2355	YRTCcMTADAm	['1:2345:2355', '0:4942:4961', '1:2117:2138', '2:3335:3353', '2:3822:3837']	3	0	1	1	1	0	1
1:2356:2377	cRRGRAGDgTAGKGRTKGKARW	['1:2630:2650', '0:1319:1335', '1:2356:2377', '0:3307:3325']	8	1	0	1	1	1	0
1:2378:2393	WCWTBGWRVAAGMkYC	.	2	1	0	0	1	1	1
1:2394:2413	YYYMYYRRYTGTRWMWtMMM	.	0	0	0	0	1	1	0
1:2414:2431	ACYTCTAGDMDTRACcTY	['0:962:977', '2:1975:1996', '2:0:13', '1:4270:4281', '1:2414:2431']	6	1	0	0	1	1	0
1:2432:2444	GTTCAYHGSTMSC	.	2	1	0	0	1	1	1
1:2445:2465	DCCTAVGKAWTMYKBcTCSYT	['0:4767:4787', '0:660:679', '2:698:719', '2:5402:5423', '1:2445:2465']	7	0	0	0	0	0	1
1:2466:2479	SSTMTATTGNMTYV	['2:5607:5628', '0:2573:2593', '1:2466:2479', '0:5482:5495', '0:4686:4706']	9	0	0	0	1	1	1
1:2480:2497	CgTAWTgWAGAaTCKTCa	.	0	1	0	0	0	1	1
1:2498:2516	AMACTYWSRGYCGSTAkGa	.	4	0	1	1	0	1	0
1:2517:2528	TYRCSCKACART	['2:4806:4827', '1:2517:2528', '2:5562:5576', '0:212:230', '0:4344:4361']	5	1	0	0	1	1	0
1:2529:2543	TRSMNSSgKTGSYrw	['1:2529:2543', '2:1139:1158', '1:205:218']	5	1	0	1	0	0	0
1:2544:2557	TMMACGRYMYASTW	.	2	1	1	0	1	1	1
1:2558:2574	STMMrtKSTHKAGYRWH	.	3	1	0	0	1	0	1
1:2575:2594	SSGKRAAMYTDGAMTWGARV	['0:345:355', '1:2575:2594', '0:4611:4625', '2:5254:5265']	1	1	1	0	0	1	0
1:2595:2616	rGGTGMWMWGKGSTACCNktAc	['2:3429:3449', '1:94:108', '2:949:964', '2:3792:3807', '1:2595:2616']	3	1	0	0	1	1	1
1:2617:2629	TWTGWMMMhWMGN	.	6	1	1	0	0	0	0
1:2630:2650	SRkTwyRNACARYSMcCsSVT	['1:2630:2650', '0:1319:1335', '1:2356:2377', '0:3307:3325']	2	1	1	1	1	0	1
1:2651:2662	GSmVSGAWCTAG	.	7	1	1	1	0	1	1
1:2663:2679	wACBASGYMvAAWSTAM	['0:2658:2672', '1:1385:1398', '1:815:830', '2:2883:2897', '1:2663:2679']	2	0	0	0	1	1	0
1:2680:2694	GTTWAKTDKGRgAAK	.	7	0	0	1	1	1	1
1:2695:2713	RKKACAKATCYCRTSWAGR	['0:5123:5134', '1:2695:2713', '1:2784:2805', '0:1440:1452', '0:2555:2572']	5	1	0	0	1	1	0
1:2714:2733	MGRcCKKTWGWGRGtWTYAc	['1:3852:3873', '1:1079:1095', '2:1095:1107', '1:2714:2733']	1	0	1	1	1	0	1
1:2734:2752	GCMTKGsAGWAYGAYKATK	['1:2734:2752', '0:3521:3531', '1:1023:1033', '0:4493:4508', '1:287:303']	1	0	0	0	0	1	1
1:2753:2765	ADCChNRTAMMYW	['0:1093:1111', '1:2238:2250', '1:1621:1642', '1:2909:2925', '1:2753:2765']	4	1	1	1	0	0	1
1:2766:2783	AMTvTBDSKYRKSTTYGC	['0:184:194', '2:542:556', '2:1395:1411', '1:2766:2783']	2	1	1	0	0	1	0
1:2784:2805	bRGTYWSGAAARTCWAMCWGSt	['0:5123:5134', '1:2695:2713', '1:2784:2805', '0:1440:1452', '0:2555:2572']	4	0	1	1	1	0	1
1:2806:2826	gCTVsRKSCCKVKAATCASGB	.	6	1	1	0	1	0	0
1:2827:2845	RWAYSTMKBHATSAYYGAK	['1:2827:2845', '2:4366:4383', '0:3178:3191', '2:2343:2355', '1:1399:1420']	8	1	0	0	0	1	0
1:2846:2860	AGTRwNYYAAAGTTT	.	5	1	0	0	0	1	0
1:2861:2871	cKTCKRtRKTC	.	4	0	0	1	1	0	0
1:2872:2889	YCCCaWrDGSTGTRCTyS	['0:3634:3644', '1:11:31', '2:2832:2850', '1:488:503', '1:2872:2889']	3	1	1	0	0	1	1
1:2890:2908	STTGKKATCCAKAVCKKRG	['2:1701:1713', '1:2890:2908', '0:4038:4048']	5	1	1	0	1	1	1
1:2909:2925	BYAKRgVGMNKBAYAWD	['0:1093:1111', '1:2238:2250', '1:1621:1642', '1:2909:2925', '1:2753:2765']	3	1	0	1	1	0	1
1:2926:2945	ACCYRAYTRDTYAAgDANWC	['2:3724:3740', '1:1167:1178', '0:569:583', '1:4760:4777', '1:2926:2945']	2	1	0	1	0	1	1
1:2946:2960	STdMTGCGTwTHSTG	['0:3552:3569', '0:3787:3800', '1:2946:2960']	2	1	0	0	1	0	0
1:2961:2976	WKGRTCNWgYSGYSSY	.	4	1	0	0	0	1	0
1:2977:2987	TCCVDCHTDWM	.	0	1	1	1	1	1	1
1:2988:2998	GaTKSKGAmYA	.	1	1	0	0	0	0	1
1:2999:3012	KMYMWChCKNTNTm	.	0	0	0	1	0	0	1
1:3013:3034	AAcGWGKDWWYAANcCGMYCWt	['1:3013:3034', '2:3520:3538', '1:5092:5112', '1:3927:3945']	7	1	1	0	1	1	1
1:3035:3055	ANGRDGWABGRGYAkRcYNTs	.	8	0	0	0	0	0	0
1:3056:3071	WKCRCCTYTGTGcTGK	['1:586:606', '1:3056:3071', '2:4261:4275']	2	0	0	1	1	1	0
1:3072:3085	KCcCMGKDGGGbHM	['1:3072:3085', '2:443:458', '2:929:948']	9	1	1	1	1	1	0
1:3086:3102	KTStNDTTHTTWAThMG	.	5	0	1	1	1	1	0
1:3103:3117	KHBTAgSGSGMRGCW	.	6	1	0	0	0	0	0
1:3118:3128	WDAmWgCRWYT	.	6	1	1	1	1	0	0
1:3129:3149	CCKCMCCtCSgSTRTHSAYST	.	6	0	0	0	0	0	0
1:3150:3168	CWYSDYTSTKTTTTGTMAY	['2:2032:2050', '2:3706:3723', '1:3150:3168', '0:3532:3551']	3	1	1	0	1	0	0
1:3169:3187	wVTMMTDTrRhKKKGTAYD	.	0	0	0	1	0	1	1
1:3188:3207	KTYSAKKVwTSGGCTCCGGD	['1:4574:4587', '1:4725:4739', '2:2445:2463', '0:1716:1733', '1:3188:3207']	8	0	1	1	0	1	1
1:3208:3224	YKGdWGKTKMYVMKRMY	['1:3208:3224', '1:3874:3895', '2:627:639']	6	0	0	1	0	1	0
1:3225:3239	RRSACAVVWBYGgRC	.	1	1	1	1	0	1	0
1:3240:3259	cYRWGMHACRGMWAKWTKRK	.	5	0	1	1	0	0	1
1:3260:3273	GRCMVMgSSKGSMG	['2:557:574', '0:928:942', '1:3260:3273']	6	0	1	0	0	0	0
1:3274:3287	WwAKgKKYAKCAKD	.	2	0	1	1	1	1	0
1:3288:3306	MMTGtCGGWADGGBDTDAc	['0:1355:1369', '1:3288:3306', '2:4685:4704']	5	1	0	1	1	1	1
1:3307:3320	RCSCAHAGCDABRC	['2:3026:3036', '0:4284:4302', '0:402:423', '1:3307:3320', '1:1902:1922']	5	0	0	0	0	0	0
1:3321:3332	DATgtWtSAAAC	['1:3321:3332', '2:5115:5131', '2:1060:1074', '0:3937:3957']	2	1	1	0	1	1	0
1:3333:3354	GGCcGkSTCSGTATCYCGTcSG	['2:2586:2596', '1:127:146', '1:3725:3743', '2:2157:2171', '1:3333:3354']	6	1	0	0	1	0	1
1:3355:3368	WCASRVTTGCATAG	.	2	1	0	0	0	0	1
1:3369:3387	aNTvRKGMMTWtTAGYHCW	['1:3369:3387', '0:1256:1271', '2:2086:2101']	5	1	1	0	0	0	0
1:3388:3408	MCAGSNASHAYNrDYRGTARK	.	6	1	1	1	1	1	1
1:3409:3423	CTDYKdGCMCBRCGW	['0:818:833', '2:2464:2480', '2:4545:4564', '1:3409:3423']	5	0	1	1	0	0	0
1:3424:3442	CHWMKTDBSRGRttRRVGT	['1:3424:3442', '2:1216:1226', '0:2333:2349']	9	1	1	0	1	1	1
1:3443:3464	RTRCtTAKAGTCAHCCWAdcWT	['0:2767:2785', '2:1804:1818', '0:866:882', '1:3443:3464']	2	1	1	1	0	0	0
1:3465:3482	GMRGTBBGWKRWCDDtVY	.	6	1	1	1	1	1	1
1:3483:3497	CAGTHKtGTNAMRAc	.	3	1	1	1	1	0	0
1:3498:3508	TAAYHCSCSWM	.	1	0	0	1	0	0	1
1:3509:3522	ATGCgaGSGTCAKg	['2:4395:4413', '2:2672:2688', '2:1458:1470', '1:3509:3522']	5	0	0	0	1	0	1
1:3523:3541	sKWaTGGwygCdGCTCYKA	.	2	1	0	1	0	1	0
1:3542:3561	AyKGSRTWVVAWgTGAYTTa	.	2	1	0	0	0	0	1
1:3562:3575	SRBkTDDSRCGAAT	.	4	1	0	1	1	0	0
1:3576:3594	MAMNMTYMCAGDCAGRSgS	['2:4512:4523', '1:5040:5060', '0:5365:5386', '1:3576:3594']	9	1	0	1	0	0	1
1:3595:3611	tGTMTMDSYTVTSWAGT	.	3	0	0	1	1	1	0
1:3612:3628	vKCAAGATYWBTNMTTG	.	2	1	0	0	1	0	1
1:3629:3641	YHTHADAgASCWC	.	0	0	0	0	0	0	1
1:3642:3662	YKSKSHTABMYGRWSTGSTMS	.	9	0	0	0	1	0	0
1:3663:3680	HGyGYGRWTSTaKGSNTM	['1:3663:3680', '1:5300:5313', '0:356:371', '1:4255:4269']	3	0	0	0	1	0	1
1:3681:3694	hCTGRMWYGACMCG	.	5	0	1	1	0	0	0
1:3695:3709	KDKSRGCCASGCGdN	.	0	0	1	1	1	1	0
1:3710:3724	ATMSKATAgDTAAVT	.	8	1	0	0	0	0	0
1:3725:3743	AVDsDSSWVSKBCGSCCYD	['2:2586:2596', '1:127:146', '1:3725:3743', '2:2157:2171', '1:3333:3354']	9	1	0	1	1	1	0
1:3744:3757	cbGKGYNAMtCcWT	['1:4871:4884', '1:3744:3757', '0:1957:1972', '0:1635:1652']	3	1	1	1	1	0	0
1:3758:3774	cGTGYWGHTKRCKNCcA	.	9	0	1	1	1	0	1
1:3775:3785	TYCdCGTMAgC	['0:2193:2207', '2:4869:4879', '2:4900:4913', '2:4648:4665', '1:3775:3785']	7	0	0	1	0	1	0
1:3786:3804	RNRRMYKmaWGCkTWMTKT	.	0	0	1	0	0	1	1
1:3805:3824	AwTrGNkKRYgVTAYAAGGG	.	0	0	0	1	1	0	1
1:3825:3838	STKCYGSMCMAGGW	['0:2828:2841', '0:4168:4185', '1:3825:3838']	3	1	0	1	1	1	1
1:3839:3851	wWAGAGANDTRsG	['0:4665:4685', '0:1701:1715', '1:3839:3851']	3	0	1	1	1	1	1
1:3852:3873	MCcSKKACtMWGSWVNWMGTGY	['1:3852:3873', '1:1079:1095', '2:1095:1107', '1:2714:2733']	4	0	1	0	1	1	1
1:3874:3895	cDDGCKTVACCATaGCSaCBmS	['1:3208:3224', '1:3874:3895', '2:627:639']	9	0	0	0	1	1	1
1:3896:3910	HSMSMbtCKGTGRAW	.	8	0	1	0	1	0	0
1:3911:3926	YGKTCMGAwKABAATG	.	8	1	0	0	1	0	1
1:3927:3945	KGWYTVMVATMCKMWGRNG	['1:3013:3034', '2:3520:3538', '1:5092:5112', '1:3927:3945']	6	1	0	0	1	0	0
1:3946:3957	DNTSTTRCHWCA	['1:3946:3957', '2:3203:3216', '0:648:659', '1:5268:5286']	5	1	1	0	0	1	1
1:3958:3970	TMCCACARCYNSD	['0:3112:3125', '2:1244:1258', '1:3958:3970']	2	1	0	0	1	1	0
1:3971:3986	GKTaGCYGANGKWWCY	['1:3971:3986', '2:171:192', '0:1993:2004']	6	0	1	1	0	1	1
1:3987:3997	TVYTRtTYCTG	['2:3592:3613', '0:5469:5481', '1:3987:3997', '0:2686:2704']	9	1	0	0	0	1	1
1:3998:4012	SRKAcCMYtDSTYMr	.	6	1	1	1	0	1	1
1:4013:4032	NNTRTGGWGWSKWMCTYWCB	.	3	1	0	0	1	0	1
1:4033:4044	HGTACWHRGgGC	.	8	0	1	1	1	1	0
1:4045:4062	KSVKGKSMKhRYYKABAA	['0:3958:3970', '1:4045:4062', '2:3169:3185']	8	1	0	0	1	0	1
1:4063:4084	TRCGTCAKYWcCGGYaRCWWTC	.	2	1	1	0	0	1	1
1:4085:4098	YGRCgAYTWBKkCS	['0:1424:1439', '1:5372:5382', '2:4666:4684', '2:801:811', '1:4085:4098']	0	1	0	1	1	0	0
1:4099:4117	TCKWSATWDTKCTTTGNDN	['1:4099:4117', '1:4527:4547', '2:4741:4752', '1:540:551']	4	0	0	1	1	0	0
1:4118:4128	GGWCRVYKAnC	.	9	1	0	0	0	0	1
1:4129:4140	YWGAKAHYCGAW	.	8	0	0	1	1	1	0
1:4141:4159	MKDCwKCWMgSYcaWCYCA	.	9	0	0	1	0	1	0
1:4160:4178	gGHkMSTSRKgBCBABCRK	['1:4160:4178', '0:1902:1912', '1:802:814']	8	1	1	0	0	1	1
1:4179:4189	CRYNRcMTKCG	.	2	1	1	1	0	0	1
1:4190:4203	KMKMWAaWRCHVAN	.	5	0	0	1	1	0	1
1:4204:4218	VASBGAtGAGGNWSV	.	1	1	1	1	0	0	0
1:4219:4232	TTSBVCKCGAaBCy	.	8	1	0	0	0	0	1
1:4233:4254	cSCGSGGTDCAGTKGWCAMAWA	.	6	1	0	1	0	1	1
1:4255:4269	SKCTMTngGGKSMMN	['1:3663:3680', '1:5300:5313', '0:356:371', '1:4255:4269']	5	0	1	0	0	1	0
1:4270:4281	SWCSKMKGmGRA	['0:962:977', '2:1975:1996', '2:0:13', '1:4270:4281', '1:2414:2431']	3	1	1	0	0	0	1
1:4282:4294	AGMAWSKCMYcCA	.	3	0	1	1	0	1	1
1:4295:4314	RRaCSCkWATGBMTCAaMAC	.	5	1	0	0	1	1	1
1:4315:4335	CKSRTRYCGaTCCaGKTWCCC	.	1	0	1	1	1	0	1
1:4336:4353	YGTsARASMRGAGDGkCC	.	9	0	1	1	0	0	0
1:4354:4371	TrTGARYGAYMGACAssy	.	8	0	1	0	0	1	0
1:4372:4385	KCMRTtYRGVGKRM	.	1	0	1	0	0	0	0
1:4386:4398	GCGaYGkCTMKNC	.	9	0	0	0	1	1	1
1:4399:4418	CWGHHWTRCCKMWKYVKGGT	.	5	1	1	1	1	0	0
1:4419:4430	SaBSYRRwYADB	.	1	1	0	1	1	0	1
1:4431:4449	RGTTCGMWWMGYSSKTCGK	.	0	1	0	1	0	1	1
1:4450:4460	SkRAkGGAVAK	['2:230:246', '0:2278:2290', '1:4450:4460']	9	0	0	1	0	0	1
1:4461:4478	GTATCaCWMWACDKGCAR	.	4	0	1	0	0	1	0
1:4479:4494	TWKGBCGMWSKGGKWA	.	3	1	0	1	0	1	1
1:4495:4513	YTVCnWSTRyvGTCTMBRN	.	1	0	1	0	0	0	0
1:4514:4526	wVyGAYAYTTAWV	.	4	1	0	0	1	1	1
1:4527:4547	GMTRWCTTSmGkANKGGAWYA	['1:4099:4117', '1:4527:4547', '2:4741:4752', '1:540:551']	8	0	0	1	1	0	0
1:4548:4560	TGCMAGBMVBBKA	.	5	1	0	1	1	1	0
1:4561:4573	KAMYTDMyGtCyT	.	1	1	1	0	1	1	0
1:4574:4587	CYcGCaAGCGBATA	['1:4574:4587', '1:4725:4739', '2:2445:2463', '0:1716:1733', '1:3188:3207']	2	1	1	1	1	1	0
1:4588:4604	aWTAYYHGGMCYCGCKH	.	4	0	1	1	1	1	0
1:4605:4619	TWAtDCYMKYTGWrA	['0:846:865', '1:4605:4619', '0:2594:2604', '1:747:761', '2:3951:3964']	3	1	1	1	1	0	0
1:4620:4639	GCRsRKCTTaRTSTKWSRWS	.	9	1	1	1	0	0	1
1:4640:4655	GBMCTCTTMKBCRCMT	.	8	1	1	1	0	0	0
1:4656:4666	GRKRAKKBAYA	.	2	0	1	0	0	0	1
1:4667:4683	SCTDRWcAGStBMCYAW	.	6	1	0	0	1	0	1
1:4684:4702	YTCAgCCTTGMTKWKAGTa	['2:1840:1855', '1:4976:4990', '1:4684:4702']	4	1	1	1	1	1	0
1:4703:4724	SRWSMRAAYCaAMWCVRAyMGW	['2:4414:4433', '2:3037:3052', '1:1643:1661', '0:3420:3440', '1:4703:4724']	2	1	1	1	1	0	0
1:4725:4739	WWMHCYWTWCcGTNS	['1:4574:4587', '1:4725:4739', '2:2445:2463', '0:1716:1733', '1:3188:3207']	0	0	0	1	1	1	0
1:4740:4759	GRCRCCDGCGCAyYAKDWTw	['1:4853:4870', '1:4740:4759', '0:5435:5450']	3	0	1	1	1	1	0
1:4760:4777	AMATTKSMHAKGVMCTTa	['2:3724:3740', '1:1167:1178', '0:569:583', '1:4760:4777', '1:2926:2945']	8	1	1	1	1	0	0
1:4778:4793	CTARGwSHTVYvSaTC	.	3	1	1	0	0	1	1
1:4794:4809	GRAVTGwKCMTYCMCa	['2:1875:1889', '2:3313:3334', '2:2871:2882', '1:4794:4809']	5	1	0	1	1	1	1
1:4810:4830	KGMNRgKTWmYTBACnSKTHC	['1:4810:4830', '0:2227:2243', '2:3131:3149', '1:2026:2041']	2	0	0	0	1	1	1
1:4831:4852	CYGKDTGASKRRCCTBGMBSAg	.	3	1	0	0	0	1	1
1:4853:4870	SNYCCARMCCRKGGGYcS	['1:4853:4870', '1:4740:4759', '0:5435:5450']	3	0	1	1	0	1	1
1:4871:4884	CAACKTarRDcwYC	['1:4871:4884', '1:3744:3757', '0:1957:1972', '0:1635:1652']	5	0	1	1	0	1	1
1:4885:4898	YSMKTDCgTHYSTC	.	1	0	1	1	0	1	1
1:4899:4917	CWMYDCSCCRAKHrRSHWC	['1:1944:1958', '1:1147:1166', '2:1108:1119', '1:4899:4917']	2	1	0	1	1	0	1
1:4918:4929	WRSyRwyARWYY	['1:4918:4929', '2:82:100', '0:3831:3844']	2	1	0	0	1	0	1
1:4930:4949	ASTTGACCGVBSGgYMTYAH	.	0	0	0	0	1	0	0
1:4950:4964	MCTGDkTAWRwCKaV	.	5	0	0	0	0	1	0
1:4965:4975	KWGYCWHSBYA	.	6	1	1	1	0	1	1
1:4976:4990	aTYGTMSKMMSGAMS	['2:1840:1855', '1:4976:4990', '1:4684:4702']	8	1	0	0	1	1	0
1:4991:5008	GCACAWTTAGCWCtBAYt	['0:1370:1391', '1:1287:1297', '1:2174:2188', '1:4991:5008']	8	1	1	1	0	0	0
1:5009:5022	SRyKkKSaDkGkgY	.	3	0	1	0	1	0	0
1:5023:5039	SDSAWCYRMcCKARCWG	.	9	1	1	0	0	1	0
1:5040:5060	CWAnYSGCACHGCGKKWMVAA	['2:4512:4523', '1:5040:5060', '0:5365:5386', '1:3576:3594']	4	1	1	0	0	1	0
1:5061:5077	kBCCSCTRAwCHTRGAY	.	2	1	1	1	1	1	1
1:5078:5091	AKMTHCSBVHgBKA	.	3	1	0	1	0	0	1
1:5092:5112	CKYGmYMcTKSCWMRTAKtAC	['1:3013:3034', '2:3520:3538', '1:5092:5112', '1:3927:3945']	2	0	0	1	1	1	0
1:5113:5123	RATCCMKTYsK	.	4	1	0	1	0	0	1
1:5124:5136	TKTAMYTGSBKNM	.	2	0	1	1	0	0	1
1:5137:5147	KACAGKYCCAB	.	3	0	1	0	0	0	1
1:5148:5160	NCDCAaARSKTKG	.	5	1	1	1	1	1	1
1:5161:5180	SCHYYMgVGNytWSYgWAWT	.	6	1	1	0	1	1	0
1:5181:5191	AYMWTTGAGMC	.	6	1	0	0	0	1	1
1:5192:5203	GYYCCmCTSBND	.	6	1	1	1	1	1	1
1:5204:5220	wADTCKGATWCdACYMM	.	7	1	1	1	0	0	0
1:5221:5233	CSYGKAGKTMACY	.	2	0	1	1	0	0	0
1:5234:5252	TWAKRSSATGRYMGSGaAD	.	1	0	0	1	0	0	0
1:5253:5267	NGstWKNGTKYGARB	.	6	1	0	1	0	0	1
1:5268:5286	GKWTGGKAYYAtYMTCRAS	['1:3946:3957', '2:3203:3216', '0:648:659', '1:5268:5286']	7	0	0	0	1	1	0
1:5287:5299	SASSGMgTMVARR	['1:5287:5299', '0:3001:3016', '0:2881:2893']	2	1	1	1	0	1	0
1:5300:5313	AWTAATCGMMCSSW	['1:3663:3680', '1:5300:5313', '0:356:371', '1:4255:4269']	2	0	1	1	1	0	0
1:5314:5325	TBKTSDcMRwCC	['1:762:780', '1:5314:5325', '2:740:754', '0:2538:2554']	8	0	1	1	0	1	1
1:5326:5340	ASAcKTATGWRWaKV	.	9	1	1	0	0	0	0
1:5341:5360	CTRYGYVcKACHMCTAATSt	.	5	0	1	0	0	1	1
1:5361:5371	CSKKMRBMMkV	['0:2946:2964', '0:321:333', '1:5361:5371']	8	0	1	0	1	1	1
1:5372:5382	YGCGTADCNRG	['0:1424:1439', '1:5372:5382', '2:4666:4684', '2:801:811', '1:4085:4098']	1	1	0	0	0	1	1
1:5383:5393	KwTGRTAGKKW	.	8	1	0	0	0	1	0
1:5394:5411	GTkCWGGRaMSWBtAHGY	['1:5394:5411', '1:1010:1022', '2:1568:1583']	8	1	0	0	0	1	1
2:0:13	CGSWcMTaCtMWMh	['0:962:977', '2:1975:1996', '2:0:13', '1:4270:4281', '1:2414:2431']	1	0	1	0	1	0	0
2:14:30	GYCCTAAWGTAScGKVW	.	1	0	0	0	0	0	0
2:31:42	SAAAYGSSAGKT	['2:5166:5180', '1:1868:1881', '2:5577:5587', '2:31:42']	2	0	1	1	0	0	0
2:43:62	KCAwYWCKGCMTMAATRARK	.	1	0	0	0	0	1	1
2:63:81	GMDRawSAGsAARsMAKHC	.	0	1	1	1	0	1	0
2:82:100	RAyYTHGwSwWAGTMcGGC	['1:4918:4929', '2:82:100', '0:3831:3844']	1	1	0	1	0	0	0
2:101:118	GGGRGAAWKASHGRAAYR	.	9	1	1	1	0	1	0
2:119:139	KKTKHGTKGWGMRArGhGACy	.	8	0	1	0	1	0	0
2:140:153	GDWSTTYRTaSHGS	.	3	0	1	1	0	0	1
2:154:170	HWhYgRYTRYSKGGKMW	.	7	1	1	0	0	1	1
2:171:192	TYCgCWYAGwySBTRMAYSTVK	['1:3971:3986', '2:171:192', '0:1993:2004']	0	0	1	0	1	0	0
2:193:213	TWKYYgBHCDACWCSACHAAA	.	5	1	1	0	1	0	0
2:214:229	CCCKSAHGYRRSATST	.	4	1	1	1	1	1	0
2:230:246	KNGhNaAGYwGCCAYTD	['2:230:246', '0:2278:2290', '1:4450:4460']	9	1	1	0	0	0	1
2:247:257	CCSTRTGTNCT	.	2	0	1	0	1	0	1
2:258:272	MSATASWWVCRBSCA	.	7	1	0	0	0	1	0
2:273:292	YWTCKKAYYGWWGTHKVwGN	.	3	0	1	1	1	0	0
2:293:304	WATHKCAWGAAC	.	0	0	1	1	0	0	0
2:305:323	McTMRWRCSvKaGYSgKRc	.	2	0	0	0	0	1	0
2:324:337	TGAGGgGACVCRSW	.	2	1	0	0	1	1	1
2:338:351	SNAGACRTCTTTHC	.	2	1	1	0	0	1	1
2:352:364	GGGTCVGCGGCRT	['2:352:364', '2:1343:1364', '0:2965:2983', '1:1481:1491', '1:469:487']	5	0	1	0	1	0	0
2:365:386	CgRAGYGGWAMsSMMNWCKMGC	['2:365:386', '0:2927:2945', '0:4217:4233']	0	1	1	0	0	0	1
2:387:398	SGCCNrTCGWKH	.	7	1	1	1	0	1	0
2:399:412	tNrACTwGGHCGTN	.	3	0	0	1	0	0	1
2:413:427	HGvMSTYGGGGtYTW	.	2	1	0	0	0	0	1
2:428:442	CKARWRTSRSRYWTC	.	7	0	0	1	1	1	0
2:443:458	ATSCAGAkCSSCGCcD	['1:3072:3085', '2:443:458', '2:929:948']	2	1	0	0	0	1	1
2:459:470	CAMMMTACtGTK	['2:459:470', '0:1927:1939', '0:4575:4589', '0:896:913']	0	0	1	0	0	1	1
2:471:486	GAGKTATHwAGHaSRS	['0:3212:3225', '0:3391:3407', '2:471:486', '2:3643:3656']	3	1	1	0	1	0	0
2:487:506	taNGMWVCRCASSKCYWgTK	.	3	0	0	1	1	1	0
2:507:522	NCABsAyWTGRKCyKY	['0:3098:3111', '2:507:522', '2:4950:4964']	2	1	1	0	1	0	0
2:523:541	CGMNCGGSNATSSAAAWTG	.	5	1	1	1	1	1	1
2:542:556	KMHMGKGKAAWGSTG	['0:184:194', '2:542:556', '2:1395:1411', '1:2766:2783']	5	1	1	1	1	0	1
2:557:574	TWMTCMGWVtRKGGMGAM	['2:557:574', '0:928:942', '1:3260:3273']	1	0	0	0	1	0	1
2:575:589	CGCMACkTKWyKGMA	.	7	0	0	0	1	1	1
2:590:610	vMVcGGTTRMGAsSACTWkTG	.	0	0	0	0	0	1	0
2:611:626	HcYKMWYWRAGVGMAC	.	5	1	1	0	1	1	1
2:627:639	GMnMBYGTMsYSr	['1:3208:3224', '1:3874:3895', '2:627:639']	5	1	0	1	1	0	0
2:640:653	GASTWHATAAAWTG	['1:1329:1340', '0:2806:2827', '0:4253:4270', '2:640:653', '0:148:164']	6	0	1	1	0	1	0
2:654:669	YWAKTGCAKMRKRSGM	['0:554:568', '2:3940:3950', '1:2328:2344', '2:1955:1974', '2:654:669']	3	0	1	0	0	0	1
2:670:680	GYGWHHGkAGY	.	2	0	0	1	0	1	1
2:681:697	saMGKMABTKTAMVCAC	['0:372:387', '2:681:697', '2:5015:5026', '2:4309:4330']	8	1	0	1	1	1	0
2:698:719	TCKwCWSYCVCRYACRYCGTTK	['0:4767:4787', '0:660:679', '2:698:719', '2:5402:5423', '1:2445:2465']	8	0	1	0	0	1	0
2:720:739	GRTCYCTCCMKSAKDYTAMD	['2:2356:2375', '0:1194:1212', '2:720:739', '0:994:1006']	1	1	0	1	1	1	1
2:740:754	KRAAKTMTMgyADCA	['1:762:780', '1:5314:5325', '2:740:754', '0:2538:2554']	0	0	0	0	0	1	1
2:755:767	kAGTAVSGTGAyH	.	3	0	0	0	0	0	0
2:768:784	RAGTAGMGGGvKKACsG	['2:1936:1954', '0:2174:2192', '2:4720:4740', '2:1011:1025', '2:768:784']	6	0	1	0	0	1	0
2:785:800	MVtrWYKYGDAAKaYt	.	6	0	1	0	1	0	0
2:801:811	GWcWCCKAYGT	['0:1424:1439', '1:5372:5382', '2:4666:4684', '2:801:811', '1:4085:4098']	0	1	0	0	1	1	0
2:812:833	YYcGGVmWCNCABATAKWKCCA	.	8	1	0	0	0	0	1
2:834:846	KHGSWARATMMMG	['2:3268:3280', '2:834:846', '0:3882:3898']	2	0	0	1	1	1	0
2:847:860	GKAHTDANVSMGRD	.	0	0	0	1	0	0	1
2:861:876	AGgSKMBSRMAHKGVa	.	4	0	1	0	1	0	1
2:877:894	HSGGtCATrNTATCSTGA	.	2	0	1	0	0	1	0
2:895:912	SWCGaGGRCACaDtYYNT	.	4	1	0	1	1	1	1
2:913:928	tBHRCATKnGMYTRTB	.	2	1	1	0	0	1	0
2:929:948	WNnCcRNwCCSCSDTWRYGC	['1:3072:3085', '2:443:458', '2:929:948']	4	1	0	1	1	0	0
2:949:964	CcKMTACCWWSaVCTT	['2:3429:3449', '1:94:108', '2:949:964', '2:3792:3807', '1:2595:2616']	6	1	0	0	1	0	1
2:965:976	KTAAGVVCGAGA	.	6	0	0	1	1	1	1
2:977:993	CMaGGCYWMKMGMSACW	.	1	0	1	1	1	0	1
2:994:1010	SRCBGCKMDTaCYAAYT	.	9	1	0	1	1	1	1
2:1011:1025	TMYnSvmATARSTCT	['2:1936:1954', '0:2174:2192', '2:4720:4740', '2:1011:1025', '2:768:784']	8	0	1	0	0	1	0
2:1026:1046	ADAgyAYGMVBSCYWAkwKGa	.	1	0	0	0	1	1	1
2:1047:1059	TGYYKcaAGMSTV	['0:4555:4574', '2:1047:1059', '0:137:147']	5	0	0	1	0	1	1
2:1060:1074	SGRAtVSCAMrtBCT	['1:3321:3332', '2:5115:5131', '2:1060:1074', '0:3937:3957']	9	0	1	0	1	0	0
2:1075:1094	cMGMYRCTAGyYwCYGYTYG	['2:1075:1094', '1:1096:1108', '0:4707:4728']	9	1	0	1	1	0	1
2:1095:1107	KYRMCSYWRVCsS	['1:3852:3873', '1:1079:1095', '2:1095:1107', '1:2714:2733']	5	0	1	0	1	1	1
2:1108:1119	GATSCSGTCCKR	['1:1944:1958', '1:1147:1166', '2:1108:1119', '1:4899:4917']	6	0	0	1	0	1	1
2:1120:1138	CKRCSTCtHAGTGKYYGKT	.	5	1	0	0	0	1	1
2:1139:1158	VWTWATTNyRGaTWSRCVTA	['1:2529:2543', '2:1139:1158', '1:205:218']	2	0	0	0	0	0	1
2:1159:1179	tTDYKCcAVABGTTgMCKCTG	['2:2135:2156', '1:1609:1620', '1:32:47', '2:1159:1179']	9	1	1	0	0	1	1
2:1180:1200	CTTYGNaCMYMrMWcTWTVRA	.	6	1	1	1	1	0	1
2:1201:1215	VASSCgRHRAHGCMK	.	3	0	0	1	0	1	0
2:1216:1226	TRCGNSTrGSG	['1:3424:3442', '2:1216:1226', '0:2333:2349']	3	0	0	0	0	0	1
2:1227:1243	CcGcGASGCAKKTRmAG	.	6	0	1	0	0	1	0
2:1244:1258	AWGTMTMDSYCKRGM	['0:3112:3125', '2:1244:1258', '1:3958:3970']	4	0	1	0	0	1	0
2:1259:1275	MRRwCBWNHMCaNtRSS	.	4	1	1	1	0	0	1
2:1276:1289	CASCRMSYMNAWGN	.	2	0	0	1	1	0	0
2:1290:1304	CACTAYWgWAANGTA	.	0	1	1	0	0	1	1
2:1305:1325	kCAGCTRRKCGTSCKCBatYT	.	4	0	0	0	0	1	0
2:1326:1342	TmGKSKCTRKKRTCHWC	.	7	1	1	1	1	0	1
2:1343:1364	MCASKMGGWAWASGYKmWSTGw	['2:352:364', '2:1343:1364', '0:2965:2983', '1:1481:1491', '1:469:487']	7	1	0	0	0	1	0
2:1365:1381	SdGCSWGGGArGAGGWA	.	6	1	1	0	0	0	1
2:1382:1394	CKSWMSGSYACDt	.	4	1	0	0	0	0	0
2:1395:1411	gcGCAGMtRGCsVAGTS	['0:184:194', '2:542:556', '2:1395:1411', '1:2766:2783']	7	0	0	1	1	1	0
2:1412:1431	RWtMMGNNWRAGYMAtATMr	.	4	0	0	1	0	1	0
2:1432:1445	RKGGKTKgYAKaYA	.	3	0	0	0	1	1	0
2:1446:1457	SCWTgWMCCwcC	.	3	0	0	0	0	1	1
2:1458:1470	aGCCHGTDAMRAS	['2:4395:4413', '2:2672:2688', '2:1458:1470', '1:3509:3522']	2	0	0	0	1	1	0
2:1471:1492	BRYRMMWGRCCSTVGGCWMMYS	['2:1471:1492', '1:1127:1146', '0:3645:3655']	2	0	1	0	0	1	0
2:1493:1514	YTAMCYHSTKtYDSmWWMGKBG	.	0	0	0	1	1	0	1
2:1515:1528	GTRCtCKKSgkTTK	['2:2432:2444', '0:5329:5345', '2:1515:1528']	0	0	1	0	0	0	0
2:1529:1547	ATGWAGRDWBTAAWWMAsG	.	1	1	0	0	0	1	0
2:1548:1567	ACMTWAAYYWSRSAVmyGBA	.	1	0	0	1	0	1	1
2:1568:1583	CcKGSGYYYaTKGAVA	['1:5394:5411', '1:1010:1022', '2:1568:1583']	7	1	0	0	0	0	0
2:1584:1601	GKGTYYDYWGAWGAgSGG	.	8	0	0	0	0	0	0
2:1602:1617	YTYGWcKCSAAgCCTC	.	2	1	1	1	1	1	0
2:1618:1636	NCgTWCKAMAAKAgRTTTS	.	0	0	0	0	0	0	0
2:1637:1651	GAATKGSCKMMTMMC	.	1	0	0	0	0	1	1
2:1652:1662	AKKTSKhRCGA	.	1	1	0	1	0	0	1
2:1663:1680	MGTGSRTVGSVWvCTSrk	.	8	1	1	1	0	1	0
2:1681:1700	CGKTAGCCKcGNGCKWTGrm	.	8	0	0	0	1	0	0
2:1701:1713	YWTATCTYBRKCK	['2:1701:1713', '1:2890:2908', '0:4038:4048']	6	0	1	0	0	0	0
2:1714:1734	RSCAcCKkGHGCWTCTWCTAH	.	8	0	0	1	0	1	0
2:1735:1752	RTCNMWyTAGSATMNGKR	.	0	1	1	1	1	0	0
2:1753:1768	RWKAGYSMRMaksMGd	.	9	1	1	0	1	1	1
2:1769:1783	ARACSAAMACTSRWK	['0:3801:3813', '2:5480:5498', '2:3231:3245', '2:1769:1783']	2	1	1	0	1	1	0
2:1784:1803	CGRKMCGCWGVdKNbANSwT	.	2	0	1	1	0	1	1
2:1804:1818	WmRMVMSWkDWSAVA	['0:2767:2785', '2:1804:1818', '0:866:882', '1:3443:3464']	6	1	0	1	0	1	1
2:1819:1839	CAKAGSGRYBRRGCSTWATRA	.	5	1	1	0	0	1	0
2:1840:1855	TAAYAwAABRTMYSWR	['2:1840:1855', '1:4976:4990', '1:4684:4702']	5	0	1	1	1	0	1
2:1856:1874	TCGAAWBTGCCTAkAAWGT	['2:1856:1874', '2:4628:4647', '0:4467:4481', '2:3878:3899', '2:4565:4579']	9	0	1	1	0	1	1
2:1875:1889	DKGAGGKawAAGGYt	['2:1875:1889', '2:3313:3334', '2:2871:2882', '1:4794:4809']	1	0	1	0	0	1	1
2:1890:1906	RBWWKCAmCAARNMYWT	.	6	1	0	1	0	1	0
2:1907:1917	SRKCAAGSTSA	.	9	1	1	1	0	0	0
2:1918:1935	CDGMSYAKsWTSTCAGCM	.	8	0	0	1	1	1	0
2:1936:1954	GrTAATWKWTGWSWDACyS	['2:1936:1954', '0:2174:2192', '2:4720:4740', '2:1011:1025', '2:768:784']	4	0	0	0	1	1	0
2:1955:1974	SMYDMCdDGCGRGTAGAsgT	['0:554:568', '2:3940:3950', '1:2328:2344', '2:1955:1974', '2:654:669']	8	1	1	1	0	1	0
2:1975:1996	mgaYNACTMSRhtBSKYrgVSA	['0:962:977', '2:1975:1996', '2:0:13', '1:4270:4281', '1:2414:2431']	1	0	0	0	1	0	0
2:1997:2012	ASGTGGTATTRGYGCC	.	4	0	0	1	1	0	0
2:2013:2031	GMtYKGMCATYTWKCSTCG	['2:5588:5606', '0:2350:2364', '0:3861:3881', '2:2013:2031']	0	1	0	1	1	0	0
2:2032:2050	GWNaTYTTATCVGSACHWG	['2:2032:2050', '2:3706:3723', '1:3150:3168', '0:3532:3551']	5	0	0	1	0	0	1
2:2051:2067	MGCAYGAGGCNTSMTWY	.	4	1	1	0	1	0	1
2:2068:2085	SARCTSVKYNTGTaTVbM	.	5	0	1	0	1	0	0
2:2086:2101	kMWKRGTRBRHYCDKB	['1:3369:3387', '0:1256:1271', '2:2086:2101']	0	0	0	1	0	1	1
2:2102:2122	GDTYMgGHRAKKAKGTtYRAM	.	2	0	0	0	1	0	1
2:2123:2134	CYWwYGMCYcHt	['0:88:104', '2:2123:2134', '0:3377:3390', '0:3583:3598']	6	0	1	1	1	0	1
2:2135:2156	KNTKhMYWCACTGGACkRYARM	['2:2135:2156', '1:1609:1620', '1:32:47', '2:1159:1179']	3	1	1	1	0	1	0
2:2157:2171	CMAmSWWmGATGGWC	['2:2586:2596', '1:127:146', '1:3725:3743', '2:2157:2171', '1:3333:3354']	5	1	1	1	1	1	0
2:2172:2193	KSMYACDKAnRGGMaGCBAYAS	['2:2172:2193', '0:4823:4837', '2:3859:3877', '0:4907:4928']	7	0	0	0	0	0	1
2:2194:2210	gCYTbRRAAYTCYGTAK	['1:1825:1836', '1:1453:1469', '0:1913:1926', '2:2194:2210']	3	1	0	1	1	0	0
2:2211:2228	CCWRACMSNAHRASMaKD	['2:2211:2228', '1:2139:2157', '2:5424:5441']	6	1	1	1	1	0	1
2:2229:2249	YTGCSTAVTTaSTTWCMTKTT	.	0	1	0	1	1	0	0
2:2250:2269	KCTMMTTtAYKGRYGGNADH	.	4	1	0	0	1	0	1
2:2270:2290	MRSbAAAAGWCATWTGAATTK	['1:147:161', '0:597:618', '0:195:211', '1:48:58', '2:2270:2290']	4	0	0	0	0	1	0
2:2291:2308	MGGgTyTAsYYCTYTtHM	['0:619:629', '2:2291:2308', '0:2322:2332']	1	1	1	0	0	0	1
2:2309:2323	KVYKTBsTYSMGCTM	.	1	1	0	0	0	0	0
2:2324:2342	RsWcMMMTNAGCTWTMTNK	.	1	1	1	1	1	1	1
2:2343:2355	SwKWTYHWAYCSG	['1:2827:2845', '2:4366:4383', '0:3178:3191', '2:2343:2355', '1:1399:1420']	2	1	0	0	1	1	0
2:2356:2375	VASCSKWACRYCYTAWCCRK	['2:2356:2375', '0:1194:1212', '2:720:739', '0:994:1006']	9	0	0	1	1	1	0
2:2376:2397	VGGTTCkCACATgTCCCAgCVR	.	1	1	1	1	1	1	0
2:2398:2417	GTaMHGTWGDCSCHYGTBST	.	8	0	0	1	1	0	0
2:2418:2431	SCTTWaKSGTATGY	['2:2418:2431', '2:4776:4790', '0:3326:3347', '0:39:59']	8	1	0	1	0	0	1
2:2432:2444	CSGRTRABbATWA	['2:2432:2444', '0:5329:5345', '2:1515:1528']	2	0	1	0	0	0	0
2:2445:2463	WGKSRHmKWGBCHDGGTGR	['1:4574:4587', '1:4725:4739', '2:2445:2463', '0:1716:1733', '1:3188:3207']	0	0	1	0	0	1	1
2:2464:2480	GAwTKTBBMsKGRCGKA	['0:818:833', '2:2464:2480', '2:4545:4564', '1:3409:3423']	7	0	1	0	1	0	0
2:2481:2496	GCYCKYATrNKTYHmT	.	6	0	1	0	0	1	1
2:2497:2512	VSSKAGCwTCRaMrAG	.	4	0	1	0	1	1	1
2:2513:2530	GAGGgAHTMYRAAMYTSM	.	5	0	0	1	1	1	1
2:2531:2552	rGYARCGmMACKCCSdKKWDCY	.	9	0	0	1	0	1	1
2:2553:2567	ASGrBRTWTACWAYK	['2:3657:3670', '0:165:183', '2:2553:2567']	3	0	1	1	0	1	0
2:2568:2585	GSAwWCkGYTRACkACTT	.	4	1	0	1	1	1	1
2:2586:2596	YKMVGATGYAT	['2:2586:2596', '1:127:146', '1:3725:3743', '2:2157:2171', '1:3333:3354']	3	0	0	1	0	1	0
2:2597:2613	CgkMDGGSGKTAAASVM	.	2	0	0	1	0	1	1
2:2614:2635	CCRYAwTbTWTCTYYGWTYTtC	.	0	1	1	1	1	1	1
2:2636:2657	MGKCTAMDGATGGGGTCGCAKC	.	3	0	0	0	1	1	1
2:2658:2671	CWGmTGKMSSGRGA	.	6	0	1	1	1	1	1
2:2672:2688	CCKGyATYDCSNCCGAA	['2:4395:4413', '2:2672:2688', '2:1458:1470', '1:3509:3522']	7	0	0	1	1	0	1
2:2689:2706	TKSWRHKGYCdGBKMAVT	.	4	0	1	1	1	0	0
2:2707:2717	CWAGStMTcyW	.	6	0	0	0	1	1	1
2:2718:2737	WKTAGCAKYCYCGCGsAtTG	.	1	1	1	1	0	0	0
2:2738:2754	mGGTmYBGMMMSWRSAA	.	8	1	0	1	0	0	1
2:2755:2768	TRBRWWCVGCNMTT	.	1	0	1	1	0	0	1
2:2769:2781	mSCGGTKYRAGCG	.	4	0	0	0	0	0	0
2:2782:2801	AASmKWwKYMYRMGTTCTaS	['2:2782:2801', '2:3900:3910', '0:1882:1901']	0	1	0	1	0	1	1
2:2802:2812	TRATWSWAAWY	.	4	0	0	0	1	1	0
2:2813:2831	WBTGNKCAMCvTAcMGWCG	.	4	0	0	1	0	1	1
2:2832:2850	HKGCBGRTTSvAKGHGYTc	['0:3634:3644', '1:11:31', '2:2832:2850', '1:488:503', '1:2872:2889']	2	1	1	0	0	0	0
2:2851:2870	YWYKKASGGGASMtGAHKCG	['2:4276:4289', '2:2851:2870', '2:5360:5376', '0:4397:4418']	8	1	0	1	0	0	0
2:2871:2882	sKBCwTCTSRGS	['2:1875:1889', '2:3313:3334', '2:2871:2882', '1:4794:4809']	3	1	0	1	1	0	0
2:2883:2897	WDVATCTNDHNYCBC	['0:2658:2672', '1:1385:1398', '1:815:830', '2:2883:2897', '1:2663:2679']	1	0	1	1	0	1	1
2:2898:2909	aGYGCAYMTAKG	.	1	1	0	1	0	0	1
2:2910:2930	AVACCVGYGTWGaKSCAYVCS	.	8	0	1	0	1	1	1
2:2931:2945	YCMAgMVKrWRCCTC	.	6	0	1	1	1	1	0
2:2946:2961	TCMKCSCChRKGGMSG	.	7	1	0	1	0	0	0
2:2962:2974	AGMWCvGTMCYTK	.	6	0	1	0	0	1	1
2:2975:2986	TYdCYgMAGWMN	.	3	0	1	0	0	0	1
2:2987:3005	WAAKMRGKCACAKTkSCAG	.	7	1	0	0	1	1	1
2:3006:3025	TNMSTMATTKMKGDATSBTC	.	0	0	1	1	1	0	1
2:3026:3036	TKMMMhkYGWt	['2:3026:3036', '0:4284:4302', '0:402:423', '1:3307:3320', '1:1902:1922']	3	1	0	0	1	0	0
2:3037:3052	ACGGHRMCdAKTVHCA	['2:4414:4433', '2:3037:3052', '1:1643:1661', '0:3420:3440', '1:4703:4724']	6	0	0	0	1	0	1
2:3053:3072	WCWYKWTGtASRGSGAtGRK	.	5	0	1	1	1	1	0
2:3073:3089	ATvSGACGTGgGNGNWC	['0:424:435', '0:748:765', '2:3073:3089', '2:4434:4445']	1	0	0	0	0	1	1
2:3090:3111	WTTbGCaKRgTAMMYNNCKKTY	.	1	1	0	0	1	0	1
2:3112:3130	GGKAKWMKAGMGTGKAsAT	.	5	0	1	0	1	1	0
2:3131:3149	RTCSAGRCCGTSKGKCMga	['1:4810:4830', '0:2227:2243', '2:3131:3149', '1:2026:2041']	0	1	0	0	0	0	0
2:3150:3168	TTWCMYKKTwYTaASbGTT	.	1	0	0	0	1	1	0
2:3169:3185	CCDTWTAGGTCKMWWMC	['0:3958:3970', '1:4045:4062', '2:3169:3185']	8	1	0	1	0	0	1
2:3186:3202	CTKDMWCTRyTGCwKcW	.	0	1	1	1	1	0	1
2:3203:3216	MSCAAMCKARAcBC	['1:3946:3957', '2:3203:3216', '0:648:659', '1:5268:5286']	6	0	1	0	1	0	0
2:3217:3230	RACTTBRWRKTTGW	.	0	0	0	0	1	1	0
2:3231:3245	TCARBDCRGNRmTKW	['0:3801:3813', '2:5480:5498', '2:3231:3245', '2:1769:1783']	2	0	0	0	1	0	1
2:3246:3267	DGTKKTGGSGGWaCKYAMgYAC	.	9	1	1	1	1	1	0
2:3268:3280	AGwTVNSADVNSW	['2:3268:3280', '2:834:846', '0:3882:3898']	4	1	0	0	1	0	1
2:3281:3292	YMAHYhGCATSA	.	0	1	0	1	0	0	0
2:3293:3312	wAKcTSWCDGGAWWRCYGCT	.	0	1	0	1	0	0	0
2:3313:3334	rGtWRTGGCcKCBAATWCKGRh	['2:1875:1889', '2:3313:3334', '2:2871:2882', '1:4794:4809']	2	1	0	0	0	1	1
2:3335:3353	AtYWMCMTTTCsTRVAMAG	['1:2345:2355', '0:4942:4961', '1:2117:2138', '2:3335:3353', '2:3822:3837']	5	1	1	1	0	1	1
2:3354:3366	RGYGDMKyKATAW	.	8	1	1	1	0	0	1
2:3367:3387	gDYGcCYHDAVTCtRWGYAGT	.	0	0	0	1	0	0	1
2:3388:3408	YCaYTHTAgGKBGSYcGCTAS	.	7	1	1	1	1	0	0
2:3409:3428	MYCCaGMAAMTgTAWAWTAA	['2:3409:3428', '1:1728:1739', '1:0:10']	4	1	0	1	1	1	1
2:3429:3449	TMcGCCKVTCTGCYNABYGkK	['2:3429:3449', '1:94:108', '2:949:964', '2:3792:3807', '1:2595:2616']	2	1	0	1	1	1	1
2:3450:3467	GBMRCATAAGARRMbRAA	.	3	0	1	1	1	1	1
2:3468:3485	WNTKcTGKRYGMGWKKbG	.	3	0	0	0	0	0	0
2:3486:3501	CCGGAABARACTAKTG	.	3	0	1	1	0	0	0
2:3502:3519	MYARGyACCAVSKCAGMG	.	2	1	1	0	0	1	1
2:3520:3538	SGsNKRgNHRSTTCYCCAN	['1:3013:3034', '2:3520:3538', '1:5092:5112', '1:3927:3945']	6	1	0	1	0	1	1
2:3539:3550	AAGNGMTACARA	.	9	0	0	0	1	1	0
2:3551:3569	TMWSGAAbNtYSRGYGYTG	.	9	0	0	1	0	0	1
2:3570:3591	AMNCYmSRMMAGSWAABTKKYC	.	5	0	1	0	0	1	0
2:3592:3613	DTASHCATCMBCTTRkKHAMST	['2:3592:3613', '0:5469:5481', '1:3987:3997', '0:2686:2704']	7	0	0	1	1	1	0
2:3614:3629	TKKaARNAHRTTMDKK	['0:4857:4874', '1:1298:1316', '2:3614:3629', '0:4450:4466', '0:4929:4941']	4	1	1	1	1	0	0
2:3630:3642	SSSVVAGVCAMbT	.	2	1	1	1	0	1	0
2:3643:3656	GCGMTACGCYMGWG	['0:3212:3225', '0:3391:3407', '2:471:486', '2:3643:3656']	0	0	1	0	0	0	0
2:3657:3670	CKKMtAkWVTTGYG	['2:3657:3670', '0:165:183', '2:2553:2567']	5	0	0	1	0	0	0
2:3671:3690	MCRyCCANCRTWKRcGSaYY	.	3	1	0	0	1	0	1
2:3691:3705	SaaCAcgTSMYTTTG	.	2	0	1	1	1	0	1
2:3706:3723	MMWHAAGMWMWrTSYRCa	['2:2032:2050', '2:3706:3723', '1:3150:3168', '0:3532:3551']	9	0	0	1	0	0	0
2:3724:3740	MMhWKTAmTRGCRGHDK	['2:3724:3740', '1:1167:1178', '0:569:583', '1:4760:4777', '1:2926:2945']	7	0	1	1	0	0	1
2:3741:3758	YRWAMCKCDAAGSRGKVT	.	8	1	0	1	1	0	1
2:3759:3770	CYKyGTCTTMRA	.	1	1	0	1	1	1	0
2:3771:3791	CAMACTARHTRSVCCKMTYKW	.	6	0	0	0	0	1	0
2:3792:3807	CTYWWCGCGmKCGVAA	['2:3429:3449', '1:94:108', '2:949:964', '2:3792:3807', '1:2595:2616']	6	0	1	1	1	0	1
2:3808:3821	SRMBAYRWkgCWYS	.	8	0	0	0	0	0	1
2:3822:3837	BTAMDCYTARACCMCS	['1:2345:2355', '0:4942:4961', '1:2117:2138', '2:3335:3353', '2:3822:3837']	4	0	1	0	0	0	0
2:3838:3858	KRDWGSyTSRGYCCBmRYKGD	.	1	1	0	1	0	0	0
2:3859:3877	CAYATMRKAWVRSKGAAAD	['2:2172:2193', '0:4823:4837', '2:3859:3877', '0:4907:4928']	0	0	0	0	1	0	0
2:3878:3899	CYWSTcAAGKDGCTCDYMRMyC	['2:1856:1874', '2:4628:4647', '0:4467:4481', '2:3878:3899', '2:4565:4579']	0	1	1	0	0	0	0
2:3900:3910	TRgYGCRAAAR	['2:2782:2801', '2:3900:3910', '0:1882:1901']	7	1	1	0	0	1	1
2:3911:3925	GTTYMRMTGSGMYKY	['1:2042:2053', '2:3911:3925', '0:1041:1052']	2	0	1	0	1	1	0
2:3926:3939	TAMAKANCASCCCT	.	0	0	0	1	0	0	0
2:3940:3950	WcYGATRSTTT	['0:554:568', '2:3940:3950', '1:2328:2344', '2:1955:1974', '2:654:669']	0	1	1	1	1	1	1
2:3951:3964	MSsMGSNATYdWGT	['0:846:865', '1:4605:4619', '0:2594:2604', '1:747:761', '2:3951:3964']	8	1	0	1	1	1	0
2:3965:3979	DGcRAMMsGNAAKrT	.	3	1	1	1	1	1	0
2:3980:3997	ATYSGyTKTTTTsMYTKA	.	7	1	1	0	1	1	0
2:3998:4019	CTTGWNGrWWGCawgnGSTSTB	.	8	1	0	1	0	1	1
2:4020:4033	CRHYDRKTAAgYSS	.	6	1	0	0	0	0	0
2:4034:4051	TTAYTRSBSAAnWGYwMC	.	4	0	0	1	0	0	0
2:4052:4072	ACCYWTGSAVYNAAACGcWGM	.	0	1	0	1	1	1	0
2:4073:4086	CMGYRGKSBTDSBB	.	4	0	0	0	0	1	0
2:4087:4105	WTATWAWNKMACWgCCMSG	.	4	1	0	0	0	0	1
2:4106:4117	CRCRMGKGkscG	.	6	1	1	1	0	0	0
2:4118:4139	kTgATGVCDGTTKtStTMDRTG	.	2	1	1	0	1	1	1
2:4140:4159	WAMBWYARSGSAyGGCCGKD	.	4	0	1	1	1	0	1
2:4160:4176	GAMWCMCYCGRVHKCKR	.	8	0	1	1	0	1	1
2:4177:4194	MkCCWRCGGGGGCYGYCA	.	5	0	0	0	0	1	0
2:4195:4213	WMTCGCRccGGWAmVcSMT	.	3	0	0	0	0	1	0
2:4214:4224	RTCMKtVRGTC	.	3	1	1	0	1	1	0
2:4225:4237	KTTSCACCWTWCR	.	7	0	1	1	0	0	0
2:4238:4249	TAcTBNMGAGYA	.	9	1	1	0	1	0	1
2:4250:4260	KKGATAANCRA	.	9	1	0	0	0	1	1
2:4261:4275	WGCAAAGMaVAYSST	['1:586:606', '1:3056:3071', '2:4261:4275']	9	1	0	1	1	1	0
2:4276:4289	WMWAaWBTtRTCAM	['2:4276:4289', '2:2851:2870', '2:5360:5376', '0:4397:4418']	5	1	0	1	1	0	0
2:4290:4308	AHAcBTCKKWWSSKHDKDT	.	6	0	0	0	0	1	1
2:4309:4330	CATAGDGCRGSVTGAGRRWCAG	['0:372:387', '2:681:697', '2:5015:5026', '2:4309:4330']	9	0	1	1	0	1	0
2:4331:4345	AgaCSGAAKSAKKHK	.	6	0	0	0	1	0	0
2:4346:4365	SDTTTTCWatAARMCGGRMA	.	9	1	0	0	0	0	1
2:4366:4383	TCRKBVCAGSMRTKMTAV	['1:2827:2845', '2:4366:4383', '0:3178:3191', '2:2343:2355', '1:1399:1420']	9	0	0	1	1	1	1
2:4384:4394	CNSMWTAWRSn	['0:1143:1157', '1:351:366', '1:2251:2262', '2:4384:4394']	2	1	0	0	1	0	0
2:4395:4413	AMYMYArGMtWCCGWACTM	['2:4395:4413', '2:2672:2688', '2:1458:1470', '1:3509:3522']	0	1	1	1	0	0	0
2:4414:4433	GKTGAGMGKTkAgTRCATBC	['2:4414:4433', '2:3037:3052', '1:1643:1661', '0:3420:3440', '1:4703:4724']	3	1	0	0	0	1	1
2:4434:4445	DKYSGGTAGYYY	['0:424:435', '0:748:765', '2:3073:3089', '2:4434:4445']	3	0	1	0	1	0	1
2:4446:4467	GACMYKTKGANGStYNHSMRCK	.	1	0	1	1	0	0	0
2:4468:4489	WYCHHRTCYKYKWYRCtVCAGS	.	7	0	0	1	1	0	1
2:4490:4511	TsSAWCGYMAKGRYCAWCAMYg	.	3	1	1	0	0	0	0
2:4512:4523	RkSDTTYTTgYG	['2:4512:4523', '1:5040:5060', '0:5365:5386', '1:3576:3594']	2	0	1	0	1	1	1
2:4524:4544	KAACARCCGKvNKCGWMAGAV	.	8	1	0	1	0	1	1
2:4545:4564	HmWcATCCYAAKRGHNGtMG	['0:818:833', '2:2464:2480', '2:4545:4564', '1:3409:3423']	8	1	0	1	0	0	0
2:4565:4579	aHSTAGCYGTWSCKM	['2:1856:1874', '2:4628:4647', '0:4467:4481', '2:3878:3899', '2:4565:4579']	2	1	1	0	1	0	1
2:4580:4598	AGYShGMKCTAAtYSGGGt	.	8	1	0	1	0	1	1
2:4599:4614	KYATAMGKRRTWYCGH	.	0	0	1	0	1	1	0
2:4615:4627	RCAAAWYgMTCWK	.	5	1	1	0	0	1	0
2:4628:4647	McTSMAYADTMKCATAMCWA	['2:1856:1874', '2:4628:4647', '0:4467:4481', '2:3878:3899', '2:4565:4579']	6	1	0	1	0	1	0
2:4648:4665	TMSACGGAWaRTKByCGR	['0:2193:2207', '2:4869:4879', '2:4900:4913', '2:4648:4665', '1:3775:3785']	5	1	0	0	0	0	1
2:4666:4684	WMRWGgCATTTMSGGAGMW	['0:1424:1439', '1:5372:5382', '2:4666:4684', '2:801:811', '1:4085:4098']	9	0	0	0	1	1	0
2:4685:4704	KYKCGRaSVYKGYGRSTaWW	['0:1355:1369', '1:3288:3306', '2:4685:4704']	9	0	1	1	1	1	1
2:4705:4719	TTWCMTKACTGGSWW	.	9	1	1	1	0	0	0
2:4720:4740	CwYAHCACRCAHCCVTCAYGG	['2:1936:1954', '0:2174:2192', '2:4720:4740', '2:1011:1025', '2:768:784']	9	0	1	1	1	0	1
2:4741:4752	AWRgYsRAYVVM	['1:4099:4117', '1:4527:4547', '2:4741:4752', '1:540:551']	4	1	0	0	1	0	0
2:4753:4763	TAASkCRGSTA	.	0	0	1	1	0	0	1
2:4764:4775	AMRTAAGGCSgT	.	5	0	1	0	1	1	0
2:4776:4790	CCTRSSCWTWRTTWa	['2:2418:2431', '2:4776:4790', '0:3326:3347', '0:39:59']	2	0	0	0	1	1	0
2:4791:4805	SWGACSTGBVCCCRt	.	9	0	1	0	1	0	0
2:4806:4827	SCWHGBVGrCGGWAGSSGCSRT	['2:4806:4827', '1:2517:2528', '2:5562:5576', '0:212:230', '0:4344:4361']	4	1	1	1	0	0	1
2:4828:4846	AKgTCVTCKTAANTrSRtC	.	8	1	0	0	1	1	1
2:4847:4868	GATGgRTCYRVMgYSWTgKAAc	.	1	0	0	1	0	1	0
2:4869:4879	MTAyCTGTtCR	['0:2193:2207', '2:4869:4879', '2:4900:4913', '2:4648:4665', '1:3775:3785']	8	0	1	1	1	1	0
2:4880:4899	KDGGKKCAWMATSCGAMaCC	.	2	0	1	0	1	0	0
2:4900:4913	WCBSCWGKGmCKRT	['0:2193:2207', '2:4869:4879', '2:4900:4913', '2:4648:4665', '1:3775:3785']	7	1	1	0	0	1	0
2:4914:4933	NGKTTRNTAYMMAGCCMRtG	.	0	1	1	0	1	0	0
2:4934:4949	CDTWMARARKAMAVrT	.	5	1	0	0	0	0	1
2:4950:4964	MGKASMNSCMKsRNK	['0:3098:3111', '2:507:522', '2:4950:4964']	3	1	1	0	1	1	0
2:4965:4986	AMYWSYARsCWTGMWMYWKkKN	.	7	1	0	1	0	1	1
2:4987:4999	YGkrYYMSCWTYR	.	9	0	1	1	0	0	1
2:5000:5014	ASCGCWACARAYMAT	.	2	0	0	1	0	1	0
2:5015:5026	GKBKTTgWcVVW	['0:372:387', '2:681:697', '2:5015:5026', '2:4309:4330']	7	0	1	0	0	1	1
2:5027:5038	YGYsHAgGSYKG	.	6	1	1	0	1	1	0
2:5039:5056	MNVTTATDYKTCVKTGWT	.	9	0	0	0	1	0	0
2:5057:5074	aHNCMYTKRTbSTRTRCR	.	6	1	1	1	0	0	1
2:5075:5092	GSRdKMSBCCTAYRGBRY	.	1	0	1	0	1	0	1
2:5093:5114	GWYTAAWRdGGRyYMYWCTSRY	.	4	0	0	1	1	1	0
2:5115:5131	VWGWGYYCTakGYCYKA	['1:3321:3332', '2:5115:5131', '2:1060:1074', '0:3937:3957']	8	1	1	1	1	1	1
2:5132:5150	rRATGHGSGYKMCWTgAAS	.	1	0	1	0	0	1	1
2:5151:5165	TtKTYDRGAASTCAT	.	1	0	1	1	0	0	1
2:5166:5180	DsChbMANMTRYRCA	['2:5166:5180', '1:1868:1881', '2:5577:5587', '2:31:42']	3	1	0	0	0	1	1
2:5181:5195	MARHTVSSCYMKGMY	.	2	0	0	1	1	1	0
2:5196:5215	YTGTGKSTWGGmATTTVTBG	.	5	1	0	1	1	0	0
2:5216:5235	RNMRBtSMaAMYKRTTGrRT	.	0	0	1	0	0	1	0
2:5236:5253	AGRYAKGSKRNTDSYCGG	.	2	1	0	1	0	0	0
2:5254:5265	GTwMCGATKRSC	['0:345:355', '1:2575:2594', '0:4611:4625', '2:5254:5265']	5	1	1	0	0	0	1
2:5266:5287	GCRACTGTMRAWVVCADGBGGW	['0:1675:1687', '2:5266:5287', '0:2399:2418']	4	1	1	1	1	1	0
2:5288:5306	AWABaWTMRCMKTWRRSYW	.	1	0	0	0	1	1	1
2:5307:5322	WRhSWKYWYKATKCRT	.	5	1	1	0	0	0	1
2:5323:5341	GMYCCSHHKRTCMVASCGG	.	1	1	0	1	1	1	0
2:5342:5359	mKRkYCTRATKKGDTKBK	.	6	1	1	0	1	1	0
2:5360:5376	YTYSRTWYMGAaTNmAA	['2:4276:4289', '2:2851:2870', '2:5360:5376', '0:4397:4418']	0	1	1	0	1	0	0
2:5377:5388	WRCGStMWKTTH	.	2	1	0	0	1	0	1
2:5389:5401	TGGWYYKMGVAWG	['0:3683:3693', '2:5389:5401', '1:781:801']	9	0	1	1	0	1	0
2:5402:5423	DsAARAAKGKWmKAYvAKYSWN	['0:4767:4787', '0:660:679', '2:698:719', '2:5402:5423', '1:2445:2465']	9	1	1	1	0	0	0
2:5424:5441	CCHCCKMATRMYMGTYAT	['2:2211:2228', '1:2139:2157', '2:5424:5441']	2	1	0	0	0	0	0
2:5442:5455	RAgGCCcAtCGRSB	.	8	0	0	1	1	1	1
2:5456:5467	KKAcTkAWKAKN	.	0	0	1	0	0	1	0
2:5468:5479	sSTgSMCRBAAC	.	1	0	1	0	1	1	0
2:5480:5498	GADSaCGWKVRCAKGATTC	['0:3801:3813', '2:5480:5498', '2:3231:3245', '2:1769:1783']	2	1	0	0	0	0	0
2:5499:5509	YCGBYTyGGAM	.	8	1	0	0	0	1	1
2:5510:5531	sYTSMYYCThCGBAcRTGCsRG	.	4	0	1	1	0	1	0
2:5532:5543	RCYTRGCTHKMT	.	6	0	0	1	0	0	0
2:5544:5561	BKCACBYATTWRSRGaRC	.	7	1	0	1	1	0	0
2:5562:5576	CSVRCRSACATRWWA	['2:4806:4827', '1:2517:2528', '2:5562:5576', '0:212:230', '0:4344:4361']	4	1	0	1	1	1	0
2:5577:5587	TMGCWTKTRAK	['2:5166:5180', '1:1868:1881', '2:5577:5587', '2:31:42']	4	1	1	1	0	1	0
2:5588:5606	KHTTrCSTGCYSSCGCCMV	['2:5588:5606', '0:2350:2364', '0:3861:3881', '2:2013:2031']	1	1	1	0	1	1	1
2:5607:5628	YGWgCTKYRMKYMTGKAGSmGK	['2:5607:5628', '0:2573:2593', '1:2466:2479', '0:5482:5495', '0:4686:4706']	8	1	0	1	0	0	0
